speaker,file,date,word,time,rel.time,proportion,maximum,minimum
pl06,pl06-001,21/02/2018 14:57:17,poto,1.6561169072148652,0.007425406315102467,0.12960563773235959,0.2924604462988562,0.4862580720624831
pl06,pl06-001,21/02/2018 14:57:17,poto,1.6679431018509603,0.0192516009511976,0.3360241733269291,0.3033754555382737,0.5116304609675125
pl06,pl06-001,21/02/2018 14:57:17,poto,1.6791280808681472,0.03043657996838456,0.5312507073412596,0.341083417191241,0.567703485503962
pl06,pl06-002,21/02/2018 14:57:21,pugu,1.4837681423477622,0.009200403405970947,0.10548059585219803,0.32046695879627174,0.5648804408038505
pl06,pl06-002,21/02/2018 14:57:21,pugu,1.4943741990715342,0.019806460129742964,0.22707669696876862,0.3628301984828428,0.5356648696339393
pl06,pl06-002,21/02/2018 14:57:21,pugu,1.5053466293314297,0.030778890389638436,0.3528731898713883,0.39836924204145163,0.8964194741638042
pl06,pl06-002,21/02/2018 14:57:21,pugu,1.5165113415359666,0.04194360259417529,0.4808741528605294,0.41007533288399634,0.8899574326119648
pl06,pl06-002,21/02/2018 14:57:21,pugu,1.528054768318992,0.053487029377200734,0.6132169949645543,0.41400882075278395,0.5840888724699248
pl06,pl06-002,21/02/2018 14:57:21,pugu,1.5395172033774431,0.06494946443565186,0.7446312848094845,0.4198238366256464,0.585183343961267
pl06,pl06-003,21/02/2018 14:57:25,poko,0.8025039360728026,0.009377167162285982,0.12423323247159564,0.27373152018337804,0.4608498246855224
pl06,pl06-003,21/02/2018 14:57:25,poko,0.814912527227701,0.021785758317184434,0.2886282318261428,0.2706507098955955,0.5090979246309055
pl06,pl06-003,21/02/2018 14:57:25,poko,0.8254754168803795,0.03234864796986292,0.4285704876356375,0.32159907194718107,0.5258046267141552
pl06,pl06-003,21/02/2018 14:57:25,poko,0.8362308528087171,0.04310408389820053,0.5710636893557166,0.3508554947784693,0.548522477541377
pl06,pl06-003,21/02/2018 14:57:25,poko,0.8472923987259063,0.05416562981538975,0.7176123838220303,0.40935351429650924,0.597510863941624
pl06,pl06-004,21/02/2018 14:57:30,putu,1.2577005971666095,0.015385536453106363,0.25251202263449823,0.34132830926642627,0.7933005013523494
pl06,pl06-004,21/02/2018 14:57:30,putu,1.2682275052457788,0.02591244453227559,0.4252827842689926,0.3374870231083675,0.8350557361453459
pl06,pl06-004,21/02/2018 14:57:30,putu,1.278817301237379,0.03650224052387574,0.5990856811179849,0.3832009076685388,0.8737482920036826
pl06,pl06-005,21/02/2018 14:57:34,podo,1.6907406164251375,0.009425072207451812,0.14730854710557417,0.2548527562522409,0.47464796910324264
pl06,pl06-005,21/02/2018 14:57:34,podo,1.702292290282754,0.020976746065068275,0.3278546750447881,0.2703965766568783,0.5140880276147053
pl06,pl06-005,21/02/2018 14:57:34,podo,1.7132115019600473,0.03189595774236165,0.4985157768715276,0.2972881359017341,0.5145163600964952
pl06,pl06-005,21/02/2018 14:57:34,podo,1.724005881732224,0.04269033751453821,0.667225826635171,0.32146516997191993,0.9063898899819478
pl06,pl06-006,21/02/2018 14:57:39,pata,1.718008821030823,0.007720305414634865,0.1061179163980328,0.27512354959122376,0.45580444330546815
pl06,pl06-006,21/02/2018 14:57:39,pata,1.7294203501257952,0.019131834509606982,0.26297281078840495,0.32080380099364586,0.4917919517983211
pl06,pl06-006,21/02/2018 14:57:39,pata,1.7414525133264835,0.03116399771029532,0.4283585073435871,0.33197522807296076,0.49530650504793716
pl06,pl06-006,21/02/2018 14:57:39,pata,1.7534822089655868,0.0431936933493986,0.5937102865237528,0.337872575346085,0.4999361352575928
pl06,pl06-006,21/02/2018 14:57:39,pata,1.7648712658939552,0.054582750277766934,0.7502562942355717,0.3812853005988395,0.5692479164581685
pl06,pl06-007,21/02/2018 14:57:43,pogo,1.649809168587699,0.007302847855805483,0.0955998446531807,0.2894286763321367,0.48674974572364743
pl06,pl06-007,21/02/2018 14:57:43,pogo,1.6619600644900663,0.01945374375817277,0.25466433341147193,0.2859783719600797,0.4915626365294104
pl06,pl06-007,21/02/2018 14:57:43,pogo,1.6739931577695588,0.031486837037665305,0.412186696047334,0.29961817398431306,0.5014527205332933
pl06,pl06-007,21/02/2018 14:57:43,pogo,1.685870718811774,0.04336439807988057,0.5676730231507773,0.31357819298885187,0.5134154721532384
pl06,pl06-007,21/02/2018 14:57:43,pogo,1.6977726851469974,0.05526636441510391,0.7234788341413771,0.311146292229278,0.5056993093422585
pl06,pl06-008,21/02/2018 14:57:48,puku,1.5128440282980138,0.010144455693998244,0.21436575595980326,0.2772274364382391,0.4616182299709584
pl06,pl06-008,21/02/2018 14:57:48,puku,1.523979864873102,0.021280292269086454,0.4496807001687777,0.27810035924865534,0.4958207058396972
pl06,pl06-009,21/02/2018 14:57:52,pada,1.6904715800996333,0.004953821822223592,0.05921023358400916,0.3509423834537797,0.5165950297946942
pl06,pl06-009,21/02/2018 14:57:52,pada,1.7023772243209367,0.01685946604352706,0.2015116728786237,0.3572521912577788,0.523343938171718
pl06,pl06-009,21/02/2018 14:57:52,pada,1.7144660727061267,0.028948314428717037,0.34600284804315173,0.352778651898637,0.5221646077611976
pl06,pl06-009,21/02/2018 14:57:52,pada,1.7265809959423362,0.04106323766492648,0.4908056811709526,0.35426877901261955,0.548079631754039
pl06,pl06-009,21/02/2018 14:57:52,pada,1.7382974436566567,0.05277968537924704,0.6308457615039911,0.3476860449364398,0.5263550720536319
pl06,pl06-009,21/02/2018 14:57:52,pada,1.7503825975974476,0.06486483932003795,0.77529277906179,0.3237803570861574,0.49500445216456856
pl06,pl06-010,21/02/2018 14:57:57,paka,1.6899825891418492,0.0077382608648659534,0.09894392507314849,0.3365338440840801,0.48929858764143624
pl06,pl06-010,21/02/2018 14:57:57,paka,1.702150839419474,0.019906511142490757,0.25453113837155705,0.35529348208925365,0.513031534148927
pl06,pl06-010,21/02/2018 14:57:57,paka,1.7144254378772998,0.032181109600316615,0.4114781541575316,0.3816417024405833,0.5607660052958856
pl06,pl06-010,21/02/2018 14:57:57,paka,1.7262909490665128,0.04404662078952959,0.563194446818393,0.41763919164004687,0.5920583527906301
pl06,pl06-010,21/02/2018 14:57:57,paka,1.7382603677722146,0.05601603949523137,0.7162393348452603,0.4269061096595281,0.594261588624191
pl06,pl06-011,21/02/2018 14:58:01,pudu,1.6332745043642372,0.010172281350470325,0.16948007513390556,0.26489410384420886,0.5365098615390248
pl06,pl06-011,21/02/2018 14:58:01,pudu,1.6439745125845089,0.020872289570742053,0.3477525918512311,0.371320312313926,0.7806502297692962
pl06,pl06-011,21/02/2018 14:58:01,pudu,1.6543974168309734,0.03129519381720658,0.5214082875544016,0.2949381668262439,0.5568703251834703
pl06,pl06-011,21/02/2018 14:58:01,pudu,1.6655251486364233,0.04242292562265648,0.7068070941230385,0.3451549342777473,0.8065311706621465
pl06,pl06-012,21/02/2018 14:58:06,paga,1.5851037127675676,0.0078051102139207185,0.08414398731907599,0.30888494820121953,0.43250387753525044
pl06,pl06-012,21/02/2018 14:58:06,paga,1.5983209180331417,0.021022315479494846,0.22663375642913083,0.2875013052108229,0.4514608473097306
pl06,pl06-012,21/02/2018 14:58:06,paga,1.61042862867869,0.03313002612504312,0.3571624771133054,0.3023021283477598,0.4599325297051023
pl06,pl06-012,21/02/2018 14:58:06,paga,1.6232296003359548,0.045930997782307914,0.49516498665886516,0.2916631552120635,0.46537866373343884
pl06,pl06-012,21/02/2018 14:58:06,paga,1.6354006927322806,0.05810209017863377,0.626377002400703,0.31259432295370726,0.4897687567752088
pl06,pl06-012,21/02/2018 14:58:06,paga,1.6479429746967642,0.07064437214311736,0.7615906746803733,0.30880184881912637,0.48971413860039115
pl06,pl06-013,21/02/2018 14:58:25,poto,1.8730970993276252,0.01101124218476679,0.1900517400847822,0.3156339615266876,0.5018938533600125
pl06,pl06-013,21/02/2018 14:58:25,poto,1.884497891455767,0.022412034312908613,0.38682703082316594,0.3123220836919725,0.49492891566865543
pl06,pl06-013,21/02/2018 14:58:25,poto,1.8956600056491228,0.03357414850626439,0.5794827902621034,0.326080994887249,0.5066820759308538
pl06,pl06-014,21/02/2018 14:58:30,pugu,1.8222153656758973,0.017019236395628523,0.3283291442532817,0.29893818159364854,0.5156635485953232
pl06,pl06-014,21/02/2018 14:58:30,pugu,1.8333710190543162,0.028174889774047474,0.5435400997966993,0.328013389527082,0.5531909573421921
pl06,pl06-015,21/02/2018 14:58:34,poko,1.5304697396688596,0.0093187372850565,0.12198937379025887,0.32970351173636575,0.4969759162288083
pl06,pl06-015,21/02/2018 14:58:34,poko,1.5420266751614797,0.020875672777676657,0.27327846806915207,0.35094332285825885,0.5305816260399855
pl06,pl06-015,21/02/2018 14:58:34,poko,1.5535779574225101,0.03242695503870707,0.4244935572376501,0.3705534181600317,0.5340967837317595
pl06,pl06-015,21/02/2018 14:58:34,poko,1.5649437969611675,0.0437927945773644,0.573281059826094,0.39093643181532894,0.5655947038086694
pl06,pl06-015,21/02/2018 14:58:34,poko,1.5767878936724689,0.05563689128866578,0.7283293133314142,0.4087685552678485,0.5845746776359447
pl06,pl06-016,21/02/2018 14:58:39,putu,1.5695229119345782,0.016165164855992398,0.2821524387087491,0.40916734738733473,0.6891277119671047
pl06,pl06-016,21/02/2018 14:58:39,putu,1.5804044327741764,0.027046685695590655,0.4720823076030084,0.40534184827444625,0.6008496194487097
pl06,pl06-016,21/02/2018 14:58:39,putu,1.591535740463707,0.03817799338512118,0.6663720435010142,0.41961033718980995,0.6681774936424265
pl06,pl06-017,21/02/2018 14:58:43,podo,1.6252018238650323,0.00890842838508954,0.12244902343044514,0.31252967913817803,0.4839934192306378
pl06,pl06-017,21/02/2018 14:58:43,podo,1.636947312224572,0.02065391674462913,0.28389428820313023,0.29506491785476574,0.4581288910781581
pl06,pl06-017,21/02/2018 14:58:43,podo,1.6494000616976314,0.03310666621768865,0.4550610693777204,0.2503492034689184,0.44380877418645837
pl06,pl06-017,21/02/2018 14:58:43,podo,1.6607950126482247,0.04450161716828194,0.6116880921950505,0.2551146747626515,0.42949613833296835
pl06,pl06-017,21/02/2018 14:58:43,podo,1.6725139262280129,0.0562205307480701,0.772768078639418,0.27017398470443116,0.4750106654539339
pl06,pl06-018,21/02/2018 14:58:48,pata,1.407635789319982,0.015568373191050755,0.21135008871791003,0.3461377883246171,0.5093793014715775
pl06,pl06-018,21/02/2018 14:58:48,pata,1.4197827472454627,0.02771533111653146,0.376252394417957,0.34066803012619806,0.49991768854270574
pl06,pl06-018,21/02/2018 14:58:48,pata,1.4319268115998882,0.03985939547095696,0.5411154181396158,0.3472516233288047,0.5230099520425888
pl06,pl06-018,21/02/2018 14:58:48,pata,1.4434561996776327,0.05138878354870147,0.6976338393767967,0.3705186705517214,0.5579552457161483
pl06,pl06-019,21/02/2018 14:58:52,pogo,1.4808960056229372,0.00935437977259479,0.12533654502233668,0.20386265715201285,0.4094235724187448
pl06,pl06-019,21/02/2018 14:58:52,pogo,1.4918943010809897,0.02035267523064732,0.27269942608535197,0.27746847024960525,0.44916259956677806
pl06,pl06-019,21/02/2018 14:58:52,pogo,1.5040507287570544,0.03250910290671194,0.43557977537324627,0.26284529479646235,0.4534965556896965
pl06,pl06-019,21/02/2018 14:58:52,pogo,1.5156989932641616,0.04415736741381915,0.5916513978985904,0.3000580382155269,0.4940737934447751
pl06,pl06-019,21/02/2018 14:58:52,pogo,1.527024003451924,0.05548237760158159,0.7433918321960505,0.3493031915609374,0.5427292812689986
pl06,pl06-020,21/02/2018 14:58:58,puku,1.3167252090065344,0.013490280769864915,0.20320872375749607,0.33455310091640555,0.5980266470352303
pl06,pl06-020,21/02/2018 14:58:58,puku,1.3276453677266475,0.02441043948997801,0.3677028180316877,0.333369916617449,0.5801812677677088
pl06,pl06-020,21/02/2018 14:58:58,puku,1.3388143821983434,0.035579453961673835,0.5359455118006952,0.3421544500830324,0.5390919413585646
pl06,pl06-020,21/02/2018 14:58:58,puku,1.3495778887936258,0.0463429605569563,0.6980799014176019,0.40865313606919407,0.900943827067555
pl06,pl06-021,21/02/2018 14:59:03,pada,1.7486084895951677,0.011572373076991438,0.12853797432408418,0.42538355993892657,0.5754973130949405
pl06,pl06-021,21/02/2018 14:59:03,pada,1.7607478194460011,0.023711702927824874,0.26337331520852075,0.3992141833448174,0.5593653193926194
pl06,pl06-021,21/02/2018 14:59:03,pada,1.7730635013849205,0.03602738486674428,0.4001674540006624,0.36965219624895285,0.5292248731504496
pl06,pl06-021,21/02/2018 14:59:03,pada,1.785640907271867,0.04860479075369084,0.5398686427027658,0.3366177420443741,0.4917030337545156
pl06,pl06-021,21/02/2018 14:59:03,pada,1.7980560253117466,0.06101990879357033,0.6777672494296223,0.3138980109454832,0.47536998723580376
pl06,pl06-021,21/02/2018 14:59:03,pada,1.8102050283366153,0.0731689118184391,0.8127100332894549,0.31824441420282,0.5085138828161552
pl06,pl06-022,21/02/2018 14:59:07,paka,1.4493895052898509,0.007627395848189167,0.08151856589146832,0.3687494437203451,0.5102350129803054
pl06,pl06-022,21/02/2018 14:59:07,paka,1.4624624768816696,0.020700367440007916,0.2212372742574406,0.3568709227163277,0.51023612521773
pl06,pl06-022,21/02/2018 14:59:07,paka,1.474321448997084,0.03255933955542223,0.347981240223885,0.408386520856407,0.5546716394433797
pl06,pl06-022,21/02/2018 14:59:07,paka,1.4862379550354756,0.0444758455938139,0.4753401058211566,0.39237143212131986,0.5347895457764874
pl06,pl06-022,21/02/2018 14:59:07,paka,1.4991565718654591,0.05739446242379742,0.6134091320316768,0.37618785745216066,0.528238819007547
pl06,pl06-022,21/02/2018 14:59:07,paka,1.511314788024057,0.06955267858239522,0.7433512990273328,0.40197446225323086,0.5614142745880583
pl06,pl06-023,21/02/2018 14:59:12,pudu,1.9148533771020906,0.009806357058451232,0.17392428735673035,0.36462498472765026,0.6504407466995532
pl06,pl06-023,21/02/2018 14:59:12,pudu,1.9255481983143516,0.020501178270712295,0.3636062606586409,0.3753523227142243,0.6460848343403999
pl06,pl06-023,21/02/2018 14:59:12,pudu,1.9365988816269586,0.03155186158331924,0.5595997583962833,0.3745886756882804,0.5998444909706989
pl06,pl06-024,21/02/2018 14:59:17,paga,1.5924546531894714,0.01050442125361517,0.13517584390092538,0.29371478409786506,0.5009529006856143
pl06,pl06-024,21/02/2018 14:59:17,paga,1.6042345845330548,0.02228435259719852,0.28676555284522526,0.3195303583798379,0.5104570556763633
pl06,pl06-024,21/02/2018 14:59:17,paga,1.61593616094362,0.03398592900776376,0.43734695357922,0.2945321673778539,0.4520359874999392
pl06,pl06-024,21/02/2018 14:59:17,paga,1.6289176167060986,0.046967384770242315,0.6043984450787303,0.2325513662278712,0.4265130231057321
pl06,pl06-024,21/02/2018 14:59:17,paga,1.6399390915135852,0.057988859577728924,0.7462279778216269,0.30975485401612957,0.5320863799911991
pl06,pl06-025,21/02/2018 14:59:30,poto,1.7756420667575237,0.00508821527013148,0.08742380865326539,0.4121914588383474,0.5856323520518361
pl06,pl06-025,21/02/2018 14:59:30,poto,1.7866210778489033,0.016067226361511144,0.2760610643309428,0.41424906635661335,0.6176140792323188
pl06,pl06-025,21/02/2018 14:59:30,poto,1.7978038374873415,0.027249985999949322,0.46819905121706296,0.4307196082566598,0.6044951920215056
pl06,pl06-025,21/02/2018 14:59:30,poto,1.8089198669712425,0.038366015483850324,0.6591905055859946,0.45102807305658354,0.6676130569520661
pl06,pl06-026,21/02/2018 14:59:35,pugu,1.9279275136887424,0.009686978890924847,0.15664756933946936,0.3433271289993014,0.6577534401006574
pl06,pl06-026,21/02/2018 14:59:35,pugu,1.9378660314527003,0.01962549665488278,0.3173627590896672,0.24340982790272214,0.4997066432086533
pl06,pl06-026,21/02/2018 14:59:35,pugu,1.9491952490558733,0.030954714258055738,0.5005668746387967,0.30221202838418,0.5963483772181964
pl06,pl06-026,21/02/2018 14:59:35,pugu,1.959560083228865,0.04131954843104757,0.6681760021168092,0.31612142644599894,0.5822718672540044
pl06,pl06-027,21/02/2018 14:59:39,poko,1.6231229590681346,0.008595926860331282,0.13128177347304468,0.28003470897003324,0.4333248845120636
pl06,pl06-027,21/02/2018 14:59:39,poko,1.636220656670313,0.021693624462509664,0.3313170922427712,0.2746448233047245,0.470638831493534
pl06,pl06-027,21/02/2018 14:59:39,poko,1.6476463918041264,0.03311935959632306,0.5058172707543517,0.2799700356059497,0.4714354469355032
pl06,pl06-027,21/02/2018 14:59:39,poko,1.6591276359583187,0.04460060375051533,0.6811652138825345,0.29657189065301387,0.5282974211611314
pl06,pl06-028,21/02/2018 14:59:44,putu,1.7332797905794795,0.014295745286154071,0.20684138115055695,0.3738216925715449,0.7077608718923555
pl06,pl06-028,21/02/2018 14:59:44,putu,1.744248650264303,0.02526460497097771,0.365546928951063,0.2840848334902573,0.5590277765193064
pl06,pl06-028,21/02/2018 14:59:44,putu,1.7540372698138944,0.035053224520569026,0.5071758924410459,0.4040294670962078,0.7870079686512421
pl06,pl06-028,21/02/2018 14:59:44,putu,1.7647911476969598,0.04580710240363439,0.6627709250562412,0.3531761677676109,0.5230314082796019
pl06,pl06-029,21/02/2018 14:59:49,podo,1.5857057014358862,0.018749869135804786,0.20213535844550706,0.20414468586671466,0.4262802358228977
pl06,pl06-029,21/02/2018 14:59:49,podo,1.596632029521326,0.029676197221244704,0.31992803358616007,0.2271282894092527,0.46295216129213523
pl06,pl06-029,21/02/2018 14:59:49,podo,1.6071191496409876,0.04016331734090617,0.4329857711679574,0.2557650154247687,0.4352674001015909
pl06,pl06-029,21/02/2018 14:59:49,podo,1.618902642546931,0.05194681024684966,0.5600192211099931,0.261647932221024,0.5006493717312135
pl06,pl06-029,21/02/2018 14:59:49,podo,1.629853471283437,0.06289763898335554,0.6780760286480242,0.30483947756388025,0.5691811387777801
pl06,pl06-029,21/02/2018 14:59:49,podo,1.6409310254217995,0.07397519312171807,0.7974990155627172,0.33055857198559285,0.5288986041584564
pl06,pl06-030,21/02/2018 14:59:53,pata,1.68605062568605,0.011096040912334626,0.13262470832714046,0.34398426589712805,0.501857104211243
pl06,pl06-030,21/02/2018 14:59:53,pata,1.6981120296577235,0.02315744488400817,0.2767878559215964,0.3422672669702205,0.5553443437442117
pl06,pl06-030,21/02/2018 14:59:53,pata,1.709985529777013,0.03503094500329773,0.41870509492461316,0.3470434181342305,0.5184880756456347
pl06,pl06-030,21/02/2018 14:59:53,pata,1.721825193724963,0.046870608951247617,0.5602179092873203,0.36869209982771517,0.54071642825357
pl06,pl06-030,21/02/2018 14:59:53,pata,1.7332062906457801,0.05825170587206485,0.6962497310417265,0.4201968410844946,0.5945259611061992
pl06,pl06-031,21/02/2018 14:59:57,pogo,1.6670817689250639,0.01596224658614731,0.17910683504166175,0.24402106575460922,0.4552369051765708
pl06,pl06-031,21/02/2018 14:59:57,pogo,1.6791506063714878,0.028031084032571263,0.31452707592036233,0.24890182208816228,0.4664900979305778
pl06,pl06-031,21/02/2018 14:59:57,pogo,1.6908498427672662,0.039730320428349675,0.44580015154560515,0.2502261789473261,0.47877819341167077
pl06,pl06-031,21/02/2018 14:59:57,pogo,1.7023636267378723,0.05124410439895577,0.5749923298019124,0.2695223934719296,0.48756977565689463
pl06,pl06-031,21/02/2018 14:59:57,pogo,1.714105325310925,0.06298580297200851,0.7067418587972706,0.2739366423073155,0.49912594624720064
pl06,pl06-032,21/02/2018 15:00:02,puku,1.6968450083436344,0.011254007513931352,0.14732353614655017,0.18477421452266155,0.42936427852378795
pl06,pl06-032,21/02/2018 15:00:02,puku,1.7073393998301085,0.021748399000405483,0.28470311951538446,0.1913438953388139,0.4273574153035151
pl06,pl06-032,21/02/2018 15:00:02,puku,1.7184826712923607,0.03289167046265762,0.43057703634258604,0.20499280085224778,0.46643961419797225
pl06,pl06-032,21/02/2018 15:00:02,puku,1.7293485402708757,0.043757539441172666,0.5728195432218741,0.23260137137639783,0.47664376949732884
pl06,pl06-032,21/02/2018 15:00:02,puku,1.740414148118424,0.054823147288721064,0.7176767841375025,0.2586608283639837,0.5055366809166821
pl06,pl06-033,21/02/2018 15:00:06,pada,1.6838694997119488,0.011513281811960319,0.1291865437082348,0.2116517060774645,0.36141106275351614
pl06,pl06-033,21/02/2018 15:00:06,pada,1.697515098649723,0.02515888074973449,0.2822990786388513,0.24446764005459304,0.4294263240508394
pl06,pl06-033,21/02/2018 15:00:06,pada,1.70887946624032,0.03652324834033149,0.40981470749577537,0.20188975053876987,0.3664949644079501
pl06,pl06-033,21/02/2018 15:00:06,pada,1.721722021504301,0.04936580360431253,0.5539165677674663,0.20364496029557047,0.4001064792026402
pl06,pl06-033,21/02/2018 15:00:06,pada,1.7332267961056145,0.060870578205626025,0.6830076550143714,0.20218649224847088,0.3958656171819794
pl06,pl06-033,21/02/2018 15:00:06,pada,1.744495603191016,0.07213938529102748,0.80945103257207,0.2263214719383869,0.4282977409820208
pl06,pl06-034,21/02/2018 15:00:11,paka,1.7882120181881036,0.008348396872931207,0.09509854799295993,0.3882290644435646,0.548641903913215
pl06,pl06-034,21/02/2018 15:00:11,paka,1.8005220145311411,0.02065839321596874,0.2353246052635799,0.39547197697118835,0.561654709042784
pl06,pl06-034,21/02/2018 15:00:11,paka,1.8124390298312176,0.032575408516045234,0.3710741232484924,0.4319659003766226,0.605137244678884
pl06,pl06-034,21/02/2018 15:00:11,paka,1.823902990322998,0.04403936900782557,0.5016627875885702,0.456393825189758,0.6155911954312365
pl06,pl06-034,21/02/2018 15:00:11,paka,1.8358914032502998,0.05602778193512736,0.6382256127009007,0.4396861099945935,0.6075198741670338
pl06,pl06-034,21/02/2018 15:00:11,paka,1.847864743392465,0.0680011220772927,0.7746167401804395,0.44492384202039664,0.6186026680568373
pl06,pl06-035,21/02/2018 15:00:15,pudu,1.6347255645330263,0.009324355865883982,0.15535281401279874,0.2630515687527363,0.5870485200731617
pl06,pl06-035,21/02/2018 15:00:15,pudu,1.6443742142735247,0.018973005606382376,0.31610867856475516,0.4223345720006066,0.8184972701578263
pl06,pl06-035,21/02/2018 15:00:15,pudu,1.6540532809130275,0.028652072245885174,0.4773713181606764,0.3284855853986095,0.5220878223074669
pl06,pl06-035,21/02/2018 15:00:15,pudu,1.6648872293446264,0.03948602067748408,0.6578754087302479,0.4017692684033526,0.7569445105513556
pl06,pl06-036,21/02/2018 15:00:19,paga,1.487751929139404,0.006762072327131996,0.08449701349517674,0.34520297627622387,0.5054633592507788
pl06,pl06-036,21/02/2018 15:00:19,paga,1.4997298450575236,0.018739988245251693,0.23416978746367326,0.34345700912815447,0.5156917058879713
pl06,pl06-036,21/02/2018 15:00:19,paga,1.5118311328190803,0.030841276006808416,0.3853841823755004,0.3422059661184727,0.530496465315305
pl06,pl06-036,21/02/2018 15:00:19,paga,1.523775434166061,0.04278557735378907,0.5346369178212242,0.34839922219314357,0.5448182032561671
pl06,pl06-036,21/02/2018 15:00:19,paga,1.535673486302952,0.054683629490680064,0.683311735738115,0.33993848869934573,0.5280777496766088
pl06,pl06-037,21/02/2018 15:00:34,poto,1.950605498314012,0.014891185388840933,0.2485669249705681,0.35791954821176364,0.5351363302115102
pl06,pl06-037,21/02/2018 15:00:34,poto,1.9619556014016357,0.026241288476464675,0.4380253293165218,0.3697748740465858,0.5857656136732085
pl06,pl06-037,21/02/2018 15:00:34,poto,1.9730521873626186,0.037337874437447516,0.6232519703104643,0.3862324665383431,0.5651247717532438
pl06,pl06-038,21/02/2018 15:00:38,pugu,1.8276184617413982,0.00757766270591631,0.09685624262842552,0.28553730374425007,0.5088942006544116
pl06,pl06-038,21/02/2018 15:00:38,pugu,1.8390647185358338,0.01902391950035187,0.24316011867763732,0.2880836643808628,0.5609112811612612
pl06,pl06-038,21/02/2018 15:00:38,pugu,1.8497617123598789,0.02972091332439697,0.37988705802894446,0.31804766054905087,0.4953870321017609
pl06,pl06-038,21/02/2018 15:00:38,pugu,1.860858237212904,0.04081743817742223,0.5217207269593175,0.3410431941832535,0.8934083316841063
pl06,pl06-038,21/02/2018 15:00:38,pugu,1.8720442386039648,0.05200343956848297,0.6646980679708916,0.3699770361300398,0.9113200018175499
pl06,pl06-039,21/02/2018 15:00:43,poko,1.7256372272792737,0.013618735215781053,0.1516638695114665,0.32927724372672085,0.5130878222657316
pl06,pl06-039,21/02/2018 15:00:43,poko,1.7377476720917127,0.02572918002822,0.2865307931029623,0.3305490044379117,0.5041677653895331
pl06,pl06-039,21/02/2018 15:00:43,poko,1.749814281122454,0.037795789058961304,0.42090954329436,0.321991829521582,0.50866082857741
pl06,pl06-039,21/02/2018 15:00:43,poko,1.7614489898886894,0.049430497825196706,0.5504784734606142,0.3494054276382268,0.5254813165667296
pl06,pl06-039,21/02/2018 15:00:43,poko,1.7732806136164383,0.061262121552945636,0.682240330103127,0.36314602983173105,0.5667728419847727
pl06,pl06-040,21/02/2018 15:00:47,putu,1.5537776072639073,0.007371911889049176,0.09650394548886615,0.27946000256131487,0.7476303826076732
pl06,pl06-040,21/02/2018 15:00:47,putu,1.5630623869852027,0.016656691610344554,0.2180487888870944,0.24227918732086232,0.5147338916668734
pl06,pl06-040,21/02/2018 15:00:47,putu,1.5742341922308547,0.027828496855996532,0.3642962346874379,0.31837516940071225,0.8061018406047176
pl06,pl06-040,21/02/2018 15:00:47,putu,1.5840181549022352,0.03761245952737702,0.49237576337884564,0.2866162299690267,0.4607213941352126
pl06,pl06-040,21/02/2018 15:00:47,putu,1.595295901376351,0.04889020600149285,0.6400100606080412,0.3553092451804103,0.8520224231490143
pl06,pl06-041,21/02/2018 15:00:51,podo,1.5848316625760592,0.01448870421291737,0.26553545398479905,0.3123479043789269,0.5002960271912718
pl06,pl06-041,21/02/2018 15:00:51,podo,1.5963634284820378,0.026020470118895966,0.47687890127254573,0.321701983976283,0.520211100006955
pl06,pl06-041,21/02/2018 15:00:51,podo,1.6075939143179525,0.03725095595481065,0.6827007685069382,0.3289289882295427,0.5045398104230051
pl06,pl06-042,21/02/2018 15:00:56,pata,1.6841961156407816,0.012513428039221397,0.1404088377867544,0.40173542820109076,0.5763367702462531
pl06,pl06-042,21/02/2018 15:00:56,pata,1.6963145298624065,0.02463184226084625,0.27638536247236667,0.38948740737715265,0.5519074122582891
pl06,pl06-042,21/02/2018 15:00:56,pata,1.7082245134152205,0.03654182581366028,0.4100231588834314,0.39808236251035256,0.5665138839368541
pl06,pl06-042,21/02/2018 15:00:56,pata,1.7202297152017543,0.048547027600194026,0.5447293660841525,0.38974209293811124,0.5585359847376982
pl06,pl06-042,21/02/2018 15:00:56,pata,1.732230287224159,0.06054759962259881,0.679383624306661,0.40872838070076584,0.577283111822654
pl06,pl06-043,21/02/2018 15:01:00,pogo,1.7043987943952355,0.01238096446327952,0.1796965329284722,0.27175963181571,0.47194700398979256
pl06,pl06-043,21/02/2018 15:01:00,pogo,1.7162193384059976,0.024201508474041677,0.35125915895508253,0.2863356919530076,0.47192403457017923
pl06,pl06-043,21/02/2018 15:01:00,pogo,1.7278323554012973,0.035814525469341385,0.5198097510421562,0.2938858652483569,0.49774951324031075
pl06,pl06-043,21/02/2018 15:01:00,pogo,1.7394139327029252,0.047396102770969284,0.6879040294094132,0.30789839310588896,0.5273038031537585
pl06,pl06-044,21/02/2018 15:01:05,puku,1.6804151279936437,0.03476021134686702,0.5956336083363918,0.3145723919495165,0.5869435033318825
pl06,pl06-045,21/02/2018 15:01:09,pada,1.625490898468253,0.014946388851494463,0.17120216941037303,0.36647896958598003,0.5502567863261016
pl06,pl06-045,21/02/2018 15:01:09,pada,1.6373223368720524,0.026777827255293873,0.3067243976958446,0.358280347539386,0.5466527816138317
pl06,pl06-045,21/02/2018 15:01:09,pada,1.649327976708032,0.03878346709127345,0.44424200181423223,0.3613493606619607,0.5444646615797551
pl06,pl06-045,21/02/2018 15:01:09,pada,1.661061815553676,0.0505173059369175,0.5786462840690129,0.36146152947620086,0.5382833996949995
pl06,pl06-045,21/02/2018 15:01:09,pada,1.6728496730882922,0.0623051634715337,0.713669318908958,0.3508056674093646,0.5555369872638883
pl06,pl06-046,21/02/2018 15:01:13,paka,1.3925742371030143,0.0073863947940484564,0.08288017521783803,0.18379541413469194,0.5824938173897208
pl06,pl06-046,21/02/2018 15:01:13,paka,1.3994545267534548,0.014266684444488975,0.16008152007926554,0.4752991333829143,0.6225830055118056
pl06,pl06-046,21/02/2018 15:01:13,paka,1.4113857659077487,0.026197923598782813,0.293957818225497,0.5006566110357228,0.6551603390327763
pl06,pl06-046,21/02/2018 15:01:13,paka,1.4228869740568602,0.0376991317478943,0.42300888754868554,0.4684591337514569,0.589529616316656
pl06,pl06-046,21/02/2018 15:01:13,paka,1.4351523766914822,0.04996453438251636,0.5606347182575849,0.44215038725796774,0.6056116924467652
pl06,pl06-046,21/02/2018 15:01:13,paka,1.4470094672833935,0.06182162497442767,0.6936790210916559,0.4446467819092861,0.6092401536711985
pl06,pl06-047,21/02/2018 15:01:17,pudu,1.244083556650379,0.009851187890147273,0.15045281771803645,0.38424058950507245,0.7706110091943367
pl06,pl06-047,21/02/2018 15:01:17,pudu,1.2540720123820999,0.019839643621868186,0.3030020662195607,0.27459132592174884,0.5034537060281615
pl06,pl06-047,21/02/2018 15:01:17,pudu,1.2656175505376297,0.03138518177739802,0.47933194307714205,0.372809281166751,0.8472656403067543
pl06,pl06-047,21/02/2018 15:01:17,pudu,1.2764567501260202,0.042224381365788544,0.6448742246848839,0.3330042412838276,0.583084625746663
pl06,pl06-048,21/02/2018 15:01:21,paga,1.3459543848230002,0.013759212335526572,0.19907842690649621,0.33211208767788436,0.48038472574688923
pl06,pl06-048,21/02/2018 15:01:21,paga,1.3578530835730205,0.025657911085546825,0.37123757174882854,0.3283159386021142,0.5111373516780379
pl06,pl06-048,21/02/2018 15:01:21,paga,1.369566069995275,0.037370897507801315,0.5407096937320622,0.3272755391233163,0.521440827775794
pl06,pl06-048,21/02/2018 15:01:21,paga,1.3814751339697988,0.04927996148232516,0.7130188102834132,0.32690397068714244,0.5017547374871704
pl06,pl06-049,21/02/2018 15:01:36,poto,1.7877402534502254,0.007690864699826383,0.11127709992808561,0.1366459382438304,0.7514930256815875
pl06,pl06-049,21/02/2018 15:01:36,poto,1.7948526656246353,0.014803276874236326,0.21418472230238308,0.35360249056906834,0.5452894231216608
pl06,pl06-049,21/02/2018 15:01:36,poto,1.8064869447777983,0.026437556027399278,0.38251804949600576,0.34805953795094235,0.5742539260586065
pl06,pl06-049,21/02/2018 15:01:36,poto,1.8179872987925616,0.037937910042162626,0.548913649062082,0.35302984268574045,0.5491617863352654
pl06,pl06-049,21/02/2018 15:01:36,poto,1.8292639983537837,0.04921460960338475,0.7120732511236604,0.3783341836894511,0.5765459232617098
pl06,pl06-050,21/02/2018 15:01:41,pugu,1.7303247898010659,0.011095426989292001,0.203373831362605,1.308674407134911,53.64323831243007
pl06,pl06-050,21/02/2018 15:01:41,pugu,1.7406442188101225,0.021414855998348692,0.3925239935935574,0.26027614945634364,0.48429093178733007
pl06,pl06-050,21/02/2018 15:01:41,pugu,1.7528825419833938,0.03365317917161992,0.6168465614049602,0.25224406096479696,0.522507817051249
pl06,pl06-051,21/02/2018 15:01:46,poko,1.4704958394203864,0.016950683780499576,0.21070851662376747,0.30036888145990237,0.4889359306329132
pl06,pl06-051,21/02/2018 15:01:46,poko,1.481892824616694,0.028347668976807183,0.3523807863560176,0.32300688019852647,0.5594462074610775
pl06,pl06-051,21/02/2018 15:01:46,poko,1.4930771712299589,0.03953201559007202,0.49140981402263106,0.3552996292202815,0.5387607458268789
pl06,pl06-051,21/02/2018 15:01:46,poko,1.5042285562759898,0.05068340063610299,0.6300291070126156,0.3986355971245546,0.6367646558718858
pl06,pl06-052,21/02/2018 15:01:50,putu,1.5234348942305502,0.014387261577499588,0.1598584619722116,0.25243833210553274,0.5119604871025268
pl06,pl06-052,21/02/2018 15:01:50,putu,1.5344224073655786,0.025374774712527914,0.2819419412502995,0.38474725766229384,0.6926391028502867
pl06,pl06-052,21/02/2018 15:01:50,putu,1.5443889460603166,0.035341313407265984,0.3926812600807183,0.27052966845352977,0.5215894648355308
pl06,pl06-052,21/02/2018 15:01:50,putu,1.556134815760944,0.04708718310789339,0.5231909234210179,0.334851553684693,0.7261317891594562
pl06,pl06-052,21/02/2018 15:01:50,putu,1.5658425384020938,0.05679490574904311,0.6310545083226773,0.4331649804758485,0.8043312722219472
pl06,pl06-053,21/02/2018 15:01:55,podo,1.3658572107985747,0.014143780110069226,0.25921400681498225,0.2950663919496577,0.47901471877226415
pl06,pl06-053,21/02/2018 15:01:55,podo,1.377821756713091,0.02610832602458557,0.47848904234920114,0.2821843429417931,0.5110678113997963
pl06,pl06-053,21/02/2018 15:01:55,podo,1.3890812287133165,0.03736779802481105,0.6848421409612004,0.2941805557847192,0.5281208132323065
pl06,pl06-054,21/02/2018 15:01:59,pata,1.229882865826776,0.007615278525188618,0.10714795864086024,0.2512338156475299,0.42558037634133417
pl06,pl06-054,21/02/2018 15:01:59,pata,1.2418828035039462,0.019615216202358843,0.27598864144365887,0.30531170214797454,0.47199639588415293
pl06,pl06-054,21/02/2018 15:01:59,pata,1.2527509633676557,0.030483376066068324,0.428905063308893,0.3609707220489227,0.5752717975761944
pl06,pl06-054,21/02/2018 15:01:59,pata,1.2647528434879818,0.04248525618639443,0.5977730765393628,0.37065942331079577,0.5527393625824348
pl06,pl06-055,21/02/2018 15:02:03,pogo,1.3713187929329123,0.012656647808186872,0.19095135977195113,0.224593648929086,0.4352143483670392
pl06,pl06-055,21/02/2018 15:02:03,pogo,1.3836948153210884,0.025032670196363016,0.37766891242927575,0.20584039341256527,0.4086967325998169
pl06,pl06-055,21/02/2018 15:02:03,pogo,1.3953721001448558,0.036709955020130414,0.553844583059885,0.19919080611224751,0.4141476261187363
pl06,pl06-055,21/02/2018 15:02:03,pogo,1.4069020144444593,0.0482398693197339,0.727796868604184,0.2092137716331976,0.4280609659979482
pl06,pl06-056,21/02/2018 15:02:07,puku,1.5951603531215706,0.009060242010462627,0.11325302513076513,0.22884536742809827,0.42737494240870894
pl06,pl06-056,21/02/2018 15:02:07,puku,1.6064492469270215,0.020349135815913577,0.25436419769887997,0.3948176302491974,0.6780828233950523
pl06,pl06-056,21/02/2018 15:02:07,puku,1.6161554230949335,0.030055311983825606,0.37569139979776134,0.24286070636519666,0.47211248377243353
pl06,pl06-056,21/02/2018 15:02:07,puku,1.6282759954798536,0.04217588436874564,0.5271985546092381,0.22017550426758495,0.5075069895522665
pl06,pl06-056,21/02/2018 15:02:07,puku,1.637532523458838,0.051432412347730105,0.6429051543465258,0.42720682041539215,0.8206895410494368
pl06,pl06-056,21/02/2018 15:02:07,puku,1.6475377007418834,0.0614375896307755,0.7679698703845738,0.39117198900820954,0.6173983140005094
pl06,pl06-057,21/02/2018 15:02:12,pada,1.7151666796481042,0.015858738683261153,0.22357243663230117,0.2565776866806374,0.41045184821505465
pl06,pl06-057,21/02/2018 15:02:12,pada,1.7270208327741794,0.027712891809336337,0.390689251628842,0.28317248630583447,0.46008420356466806
pl06,pl06-057,21/02/2018 15:02:12,pada,1.7380732789294653,0.038765337964622226,0.5465038070633629,0.3292766067615851,0.49496338795790346
pl06,pl06-057,21/02/2018 15:02:12,pada,1.7498625722253482,0.05055463126050519,0.7127062447840526,0.30853794317324457,0.551781459599927
pl06,pl06-058,21/02/2018 15:02:17,paka,1.968901629571144,0.008533781027546095,0.10911570510806393,0.2925303366671404,0.48513307597587235
pl06,pl06-058,21/02/2018 15:02:17,paka,1.9805812271511318,0.020213378607534027,0.2584548457779628,0.31616658912742496,0.4989375701678356
pl06,pl06-058,21/02/2018 15:02:17,paka,1.992753305761269,0.032385457217671165,0.41409100938337146,0.3361631301699648,0.5113308220495288
pl06,pl06-058,21/02/2018 15:02:17,paka,2.0045681764248573,0.044200327881259494,0.565159795781413,0.3390414623596712,0.5291823075660826
pl06,pl06-058,21/02/2018 15:02:17,paka,2.016442875611277,0.056075027067679084,0.7169935691686019,0.3474449780159624,0.5225104090699673
pl06,pl06-059,21/02/2018 15:02:21,pudu,1.5616005543786204,0.010570082312105766,0.13515251689875465,0.25613057171784853,0.6636574862606789
pl06,pl06-059,21/02/2018 15:02:21,pudu,1.5716232607593663,0.020592788692851638,0.2633061067666041,0.26306562523147026,0.5176997817342235
pl06,pl06-059,21/02/2018 15:02:21,pudu,1.5825811039216775,0.031550631855162825,0.4034166602551063,0.2878321284405752,0.5223449654193668
pl06,pl06-059,21/02/2018 15:02:21,pudu,1.5933575959064046,0.0423271238398899,0.5412083984903938,0.32969257854548495,0.7908384901229513
pl06,pl06-059,21/02/2018 15:02:21,pudu,1.6040840983952698,0.0530536263287551,0.6783609547415925,0.36662427349734134,0.8007478355635376
pl06,pl06-060,21/02/2018 15:02:26,paga,1.6618334942727138,0.019232445480327653,0.2073378343492233,0.3293762169136637,0.4942596846426897
pl06,pl06-060,21/02/2018 15:02:26,paga,1.6740579889065716,0.03145694011418554,0.33912555973185177,0.3329131459705202,0.5061981607895748
pl06,pl06-060,21/02/2018 15:02:26,paga,1.6857518814021084,0.0431508326097223,0.46519306100813357,0.3411964232623446,0.5139168133231433
pl06,pl06-060,21/02/2018 15:02:26,paga,1.6976658442566201,0.05506479546423404,0.5936330588907882,0.32504416884362036,0.4975751195355225
pl06,pl06-060,21/02/2018 15:02:26,paga,1.709859226267866,0.06725817747547991,0.7250853706724839,0.3255836145470762,0.49495196765997734
pl06,pl06-061,21/02/2018 15:02:41,poto,1.5749048092255284,0.011367056391036634,0.21311895054799201,0.23791975841642668,0.4673317396752081
pl06,pl06-061,21/02/2018 15:02:41,poto,1.5858908347819025,0.022353081947410702,0.4190940206738068,0.29816881419495583,0.477467030566739
pl06,pl06-061,21/02/2018 15:02:41,poto,1.5972359882666038,0.033698235432112034,0.6318023174648761,0.32405408315889195,0.5298588884600864
pl06,pl06-062,21/02/2018 15:02:45,pugu,1.4202904421898577,0.015619564638845063,0.2701071182919951,0.18891510270087045,0.4575571378612668
pl06,pl06-062,21/02/2018 15:02:45,pugu,1.4312982549041895,0.026627377353176884,0.4604638049035883,0.2093857665587802,0.406708162604188
pl06,pl06-062,21/02/2018 15:02:45,pugu,1.4419605855025905,0.03728970795157793,0.6448461138091981,0.2350630222467838,0.5135002057687559
pl06,pl06-063,21/02/2018 15:02:49,poko,1.664078756080592,0.015765043453861205,0.20637643490567717,0.3467323224879375,0.5175664003856945
pl06,pl06-063,21/02/2018 15:02:49,poko,1.6758591171297688,0.027545404503037885,0.3605903400145358,0.37333178083553165,0.5419577266261915
pl06,pl06-063,21/02/2018 15:02:49,poko,1.687203863542337,0.0388901509156061,0.5091017175053074,0.37621445153120064,0.5703312547133765
pl06,pl06-063,21/02/2018 15:02:49,poko,1.6993015378413863,0.05098782521465539,0.6674694949107252,0.36897621647638984,0.5889635633327536
pl06,pl06-064,21/02/2018 15:02:54,putu,1.489471388167441,0.010401079777419886,0.1602838351620346,0.20463778218272577,0.47560978525075676
pl06,pl06-064,21/02/2018 15:02:54,putu,1.500532497179545,0.021462188789523884,0.33073892362835594,0.2179321661217375,0.6071074892129221
pl06,pl06-064,21/02/2018 15:02:54,putu,1.510890814467258,0.03182050607723674,0.4903637756849827,0.2272745572159908,0.5006755541434375
pl06,pl06-064,21/02/2018 15:02:54,putu,1.5216470371782713,0.04257672878825014,0.6561204725734162,0.28160663419408444,0.563757917879986
pl06,pl06-065,21/02/2018 15:02:58,podo,1.5247480642465165,0.014289318114372174,0.19162045725529778,0.2416115966299323,0.43047856362402176
pl06,pl06-065,21/02/2018 15:02:58,podo,1.5367194785878435,0.026260732455699154,0.35215771114780064,0.23747682260947445,0.41747824580660337
pl06,pl06-065,21/02/2018 15:02:58,podo,1.547922784655234,0.03746403852308955,0.5023945953868861,0.25631947972825475,0.4874688284882142
pl06,pl06-065,21/02/2018 15:02:58,podo,1.5593758795017048,0.048917133369560384,0.6559811594134553,0.2635196491086563,0.5285708414540704
pl06,pl06-066,21/02/2018 15:03:03,pata,1.5383777183495504,0.01003304714774278,0.15333942429976324,0.2655278464218838,0.42533870787446093
pl06,pl06-066,21/02/2018 15:03:03,pata,1.5504109808041016,0.022066309602293943,0.33724900929996493,0.29516836594583085,0.454945306803725
pl06,pl06-066,21/02/2018 15:03:03,pata,1.5623320154390514,0.03398734423724381,0.5194433677100122,0.3327061763069369,0.5133110737721511
pl06,pl06-066,21/02/2018 15:03:03,pata,1.573574801151771,0.04523012994996334,0.6912717527786372,0.3586856843569882,0.526549395253805
pl06,pl06-067,21/02/2018 15:03:07,pogo,1.3113929032427956,0.010417495079541927,0.1261233805558249,0.25731024544677866,0.40628634338203734
pl06,pl06-067,21/02/2018 15:03:07,pogo,1.323306022978906,0.02233061481565235,0.27035411189883707,0.2611985618765937,0.4200593018157898
pl06,pl06-067,21/02/2018 15:03:07,pogo,1.3349137100737636,0.03393830191050995,0.4108870063863703,0.2714956826011269,0.4456357349829166
pl06,pl06-067,21/02/2018 15:03:07,pogo,1.3466229753920484,0.045647567228794816,0.5526496964084041,0.2747894214040475,0.5041291815696225
pl06,pl06-067,21/02/2018 15:03:07,pogo,1.3580394975412133,0.057064089377959704,0.690868179512928,0.29751805500202255,0.5063526941458054
pl06,pl06-068,21/02/2018 15:03:12,puku,1.4255859869229632,0.01655023717280324,0.2676329177861193,0.2085700208680764,0.533909842009506
pl06,pl06-068,21/02/2018 15:03:12,puku,1.4354992515761251,0.02646350182596513,0.4279397409579072,0.2378141911948646,0.4368725315642262
pl06,pl06-068,21/02/2018 15:03:12,puku,1.4468423773602883,0.03780662761012832,0.6113687648887082,0.25791270398844124,0.49946381654668703
pl06,pl06-069,21/02/2018 15:03:16,pada,1.6226405891701083,0.010649265906143679,0.14637735794574658,0.3684081142900965,0.5423946180575342
pl06,pl06-069,21/02/2018 15:03:16,pada,1.6335264016041284,0.02153507834016377,0.29600611895410367,0.37775180295017896,0.5218908422868715
pl06,pl06-069,21/02/2018 15:03:16,pada,1.6454789594428347,0.03348763617887007,0.46029761590265833,0.3666508570281302,0.5560182110421404
pl06,pl06-069,21/02/2018 15:03:16,pada,1.657168405663616,0.04517708239965135,0.6209725646481601,0.3519287570252321,0.49772453214009915
pl06,pl06-070,21/02/2018 15:03:20,paka,1.489912242165899,0.013004727767252033,0.15543816399310442,0.34851035451208184,0.523151379485395
pl06,pl06-070,21/02/2018 15:03:20,paka,1.5011159203352946,0.024208405936647637,0.2893493996443265,0.38863232414129684,0.5436570181954818
pl06,pl06-070,21/02/2018 15:03:20,paka,1.5136155178523392,0.036708003453692184,0.43875002712956596,0.36505722398428825,0.5296937935956004
pl06,pl06-070,21/02/2018 15:03:20,paka,1.5253551704343355,0.04844765603568857,0.5790674621363592,0.38803510182247297,0.561255160934812
pl06,pl06-070,21/02/2018 15:03:20,paka,1.5369132211979908,0.060005706799343805,0.717214313204299,0.39885860030940923,0.5684309333867475
pl06,pl06-071,21/02/2018 15:03:25,pudu,1.7695836329660222,0.01209123103307208,0.18466400183317067,0.24900545687026981,0.5402165527001631
pl06,pl06-071,21/02/2018 15:03:25,pudu,1.7796060871969877,0.022113685264037564,0.33773249431483654,0.25892672981031917,0.5346304693947744
pl06,pl06-071,21/02/2018 15:03:25,pudu,1.7904833589295808,0.03299095699663068,0.5038562348730488,0.27399764356640166,0.5497706885422972
pl06,pl06-071,21/02/2018 15:03:25,pudu,1.8008692695051054,0.04337686757215531,0.6624756346936256,0.3067090244010189,0.5772753960680896
pl06,pl06-072,21/02/2018 15:03:30,paga,1.8723515942110194,0.01654626768047618,0.2198677312834309,0.29891917319435163,0.4864873472028335
pl06,pl06-072,21/02/2018 15:03:30,paga,1.8833934277065876,0.027588101176044377,0.36659223295123594,0.3173706184572102,0.4918587113295686
pl06,pl06-072,21/02/2018 15:03:30,paga,1.8953749490306606,0.03956962250011742,0.5258033590927765,0.28495549016398775,0.4577581650618318
pl06,pl06-072,21/02/2018 15:03:30,paga,1.9068931993878964,0.05108787285735317,0.6788585146906889,0.29814607165097395,0.4899128231105013
