speaker,file,word,time,f1,f2,f3,f0
it13,it13-001,paca,1,762.3663917211217,1388.3546516380388,2540.844242790594,263.5874984946904
it13,it13-001,paca,2,804.1418052932908,1415.1509501018356,2528.767661151853,257.8038309185148
it13,it13-001,paca,3,894.0322898587215,1432.9892314434674,1897.7054911820815,253.42455050436806
it13,it13-001,paca,4,972.0000025194729,1480.2657731176903,1816.0243559859532,250.74456415417373
it13,it13-001,paca,5,989.3919598536746,1519.3714075824623,2443.1398953357975,248.57250505724835
it13,it13-001,paca,6,1001.155756135122,1522.4758470644983,2493.5131472654994,249.4765223089473
it13,it13-001,paca,7,1022.4646540158859,1571.2530160942172,2289.6048985319376,259.9513147705709
it13,it13-001,paca,8,956.937553463527,1176.9543104967795,1874.1966870692431,278.11652386131334
it13,it13-001,paca,9,653.1900823806674,1153.9111129105456,1875.775979456781,289.6247478787019
it13,it13-002,pogo,1,515.3958826390419,988.221192410625,2442.0016941183726,250.66090244355806
it13,it13-002,pogo,2,517.9534207807743,985.8303987713098,2451.899177965938,249.39806310423637
it13,it13-002,pogo,3,534.5339478910536,980.8459201880858,2452.4326223134067,249.67753938440427
it13,it13-002,pogo,4,553.1418847666662,979.8312687854751,2392.3626833073617,250.72198241968385
it13,it13-002,pogo,5,570.2691530262136,983.7772793296147,2407.1673625914877,251.889415741874
it13,it13-002,pogo,6,579.6301904448485,990.5772703139164,2449.1986619752697,254.37749945598884
it13,it13-002,pogo,7,582.9508409223168,998.2359590247685,2463.129343600352,256.85990428599405
it13,it13-002,pogo,8,569.3723236296872,1011.34521839098,2380.609266679481,258.5502412740901
it13,it13-002,pogo,9,541.4207233160221,1024.3539406358468,2239.1572667685305,260.62972310292486
it13,it13-003,pucu,1,518.6960457779935,828.0160172673117,2964.467664130171,256.4491536819894
it13,it13-003,pucu,2,488.7395290077897,739.8690218790507,2173.8776508822757,257.9489870962237
it13,it13-003,pucu,3,485.54067103040234,758.6695576317813,2610.4830766524587,260.51558655286186
it13,it13-003,pucu,4,499.8210897231473,757.6306714827,2752.240092072162,263.3741380886709
it13,it13-003,pucu,5,519.9696363892978,727.5688079729211,2266.6591854839085,268.0366419734792
it13,it13-003,pucu,6,540.5455898283512,950.0774643085443,3100.771602747316,273.43741834455705
it13,it13-003,pucu,7,547.46286117386,1059.3057874202364,3245.8936118191004,277.0611831800424
it13,it13-003,pucu,8,539.568961288643,662.3330415060404,3230.1705411930934,278.8238012750935
it13,it13-003,pucu,9,390.96053724865584,491.70322177707425,2942.4254690301736,278.6743131709269
it13,it13-004,poto,1,542.2388684439537,956.0548157043785,2575.8797746434234,246.41619671096797
it13,it13-004,poto,2,589.0146219364677,959.4643631177067,2642.4288089330894,244.98314664656436
it13,it13-004,poto,3,636.5105784706031,983.3570395097285,2539.1107344646243,246.3526578903976
it13,it13-004,poto,4,691.0600675758939,1053.4553674992776,2556.761046182326,247.78170467519425
it13,it13-004,poto,5,723.0179141056709,1187.2383135253951,2618.075172283047,248.51740324464305
it13,it13-004,poto,6,733.2685740233497,1264.6839236960495,2658.723452114478,249.65898568215994
it13,it13-004,poto,7,745.9840575136399,1436.219427688174,2712.874447180403,254.0921796010735
it13,it13-004,poto,8,725.2481256442943,1570.6122300716238,2803.2767039813502,259.76535549277656
it13,it13-004,poto,9,618.6757139006162,1605.9426513479173,2856.42478721026,263.1461422375594
it13,it13-005,putu,1,483.3249941254697,567.3182556550655,2329.203862756446,243.67050188965467
it13,it13-005,putu,2,409.588596812584,714.5431716401167,2240.7420254095796,246.8177472119418
it13,it13-005,putu,3,489.15833400894843,671.7239186752834,2134.3805515835916,250.4623859826282
it13,it13-005,putu,4,521.2255735557725,1205.8118348579808,3508.15377333357,258.8369336072544
it13,it13-005,putu,5,536.2224665788337,1818.0817861600208,3742.7334254306843,268.0538148947065
it13,it13-005,putu,6,505.20187355723857,634.4749955062335,2278.496544944658,275.3669269497724
it13,it13-005,putu,7,544.5498062670351,811.0890323929659,3416.440887134292,281.9241579234855
it13,it13-005,putu,8,494.59088736673823,1211.3227552943229,3197.099621854694,291.2647038426043
it13,it13-005,putu,9,513.355845427556,1575.215879659615,3200.9037809164342,294.0898261680296
it13,it13-006,paga,1,746.5718905934517,1364.7789764231413,2507.026636372554,263.96382264110525
it13,it13-006,paga,2,782.1064344156043,1396.7611322386692,1717.4879408213437,258.9146702828068
it13,it13-006,paga,3,831.9140556438994,1379.9631667430392,1822.2072113764395,254.73484801417894
it13,it13-006,paga,4,846.0431697866907,1283.5588698096055,2021.459096827089,250.54720390899809
it13,it13-006,paga,5,932.259553803819,1270.788319812254,2135.6236668361043,247.71050698245182
it13,it13-006,paga,6,936.4628859040964,1293.3791575023777,2014.383895767043,247.47459452209372
it13,it13-006,paga,7,909.8992535933172,1312.1188571702082,1897.966940872517,248.49084603278033
it13,it13-006,paga,8,863.9262722545673,1395.063009074727,2064.311410670683,250.67206586800074
it13,it13-006,paga,9,755.9538064905213,1515.7966955536929,2372.238478639835,252.42114651559976
it13,it13-007,poco,1,538.3377374961544,1051.3793460555423,2649.250838959067,259.28596074548807
it13,it13-007,poco,2,551.1844150318996,1064.4727637162198,2584.659417742448,257.54859750883367
it13,it13-007,poco,3,599.0280484173347,1097.6798350906797,2540.6740659965426,257.26125967955085
it13,it13-007,poco,4,645.1357242693708,1127.562681635012,2532.1205150816295,258.8096993427943
it13,it13-007,poco,5,676.5851141143651,1145.3847172631088,2545.3037692744174,260.6126215342466
it13,it13-007,poco,6,694.3188736556966,1127.7566461288277,2515.6097898649095,261.33700131802766
it13,it13-007,poco,7,710.3128623743738,1119.4529147914727,2523.194501739435,261.60000023969843
it13,it13-007,poco,8,715.1873954509485,1128.9999950556917,2550.8554911644505,262.92531817978244
it13,it13-007,poco,9,651.4700761050791,1083.6737737676879,2545.8028902625997,268.23457142213806
it13,it13-008,pada,1,751.4445520238703,1223.9676665137251,1703.331260499856,260.45857209709266
it13,it13-008,pada,2,851.8069414679986,1418.0253029251778,1751.4737573432412,260.36745110784125
it13,it13-008,pada,3,969.8031796735755,1489.249022432684,1538.2748284541108,260.4787236531899
it13,it13-008,pada,4,996.4473742594346,1508.0396478175978,1717.6499551631534,259.53096796835985
it13,it13-008,pada,5,992.7177614335812,1510.590897872759,2118.3770324138486,259.3890377827858
it13,it13-008,pada,6,993.436691174279,1531.8530725942803,2338.8160583665863,261.4005001236352
it13,it13-008,pada,7,989.4212361882819,1535.3335276328726,2004.671433179828,264.50854820566
it13,it13-008,pada,8,894.5307902986019,1588.6521196474778,2473.1563126536767,267.03131367577106
it13,it13-008,pada,9,692.986828183003,1603.8832769077812,2373.333958312395,265.4112886465728
it13,it13-009,pudu,1,363.56840873128505,737.2719860822442,2196.5928589943032,255.5334172894146
it13,it13-009,pudu,2,481.44916298541216,722.7589408610878,2038.7811737813533,256.9065408966939
it13,it13-009,pudu,3,503.0089287132251,746.8282861624045,2141.118093765394,260.03579762823273
it13,it13-009,pudu,4,506.55174400425045,750.5300260894064,2077.8650164566197,264.4773269843049
it13,it13-009,pudu,5,517.0905590677775,666.4847743531003,1949.9325692680577,268.9553551925388
it13,it13-009,pudu,6,535.3969811757705,1413.6324036035414,3420.94108153504,272.2787649915149
it13,it13-009,pudu,7,542.384844340314,1293.5761040251164,3262.2499047424285,274.5984350866148
it13,it13-009,pudu,8,546.428896524103,1022.8481106549388,3356.1243786633813,277.3206254592169
it13,it13-009,pudu,9,506.65138746705156,798.7420649820507,2868.8432628072414,279.9535397047046
it13,it13-010,pata,1,766.0063610272399,1331.0361679972852,2586.1340308999543,262.5653838246474
it13,it13-010,pata,2,853.3248989688516,1380.8541283075017,2590.382680611925,261.0020784865398
it13,it13-010,pata,3,972.1477100732185,1441.6103747479392,2493.287713943816,257.2582278981092
it13,it13-010,pata,4,973.2557617327833,1448.0657665008735,2201.6464912993083,251.7567469734685
it13,it13-010,pata,5,976.1145079620744,1586.405509375731,2602.071068376849,248.49687310914294
it13,it13-010,pata,6,987.1402620149785,1636.6272748111828,2395.7542378878616,249.89076948880214
it13,it13-010,pata,7,988.3985518331133,1656.9302301982566,2575.7917091681916,254.6879835750841
it13,it13-010,pata,8,962.6379957348169,1600.589477648024,2140.385232992374,267.536017456866
it13,it13-010,pata,9,857.0501100327552,1211.9218263621049,1840.3075633368499,278.2901084020278
it13,it13-011,pugu,1,416.15568682103844,724.4009195048301,2660.4661263937955,247.5561458256703
it13,it13-011,pugu,2,475.19266902875586,771.3313934663502,2443.315317623005,253.8719088803212
it13,it13-011,pugu,3,502.0632063706457,839.4289981516572,3470.6127057968033,260.20387873833687
it13,it13-011,pugu,4,514.307023081145,878.4331725534578,3007.7257899952006,264.6437716553096
it13,it13-011,pugu,5,523.1076113071138,1043.0862860562097,3368.502609628,270.7788502351858
it13,it13-011,pugu,6,542.649644117243,1103.471855137417,3365.3154523365592,276.6841353776614
it13,it13-011,pugu,7,560.0714020102298,1303.5853128851334,3620.3183667977646,282.3836220641095
it13,it13-011,pugu,8,569.1073878317458,1571.2818840961268,3625.2294241807267,288.1309452536422
it13,it13-011,pugu,9,547.2056873702843,2207.65139502334,3486.181429537251,287.8685641927308
it13,it13-012,podo,1,550.7667283242106,1051.7818394172516,2553.7400079163313,270.40981132960604
it13,it13-012,podo,2,561.1811390072014,1055.6383374869656,2498.8093117070325,269.41030170703186
it13,it13-012,podo,3,567.0492834897224,1052.3483046773877,2440.9078244622583,266.3384558448417
it13,it13-012,podo,4,584.9973264771261,1047.2398531514941,2476.553624863228,263.982871216485
it13,it13-012,podo,5,618.4436145361202,1056.0145950902954,2479.062642398422,263.7713083791702
it13,it13-012,podo,6,656.2855387086221,1080.218667609487,2489.666463441541,266.14328941004055
it13,it13-012,podo,7,681.936961762198,1187.3547479552035,2583.460647394291,269.8723584713874
it13,it13-012,podo,8,631.6452484205932,1362.9261800726144,2686.2958933688656,270.84511280025106
it13,it13-012,podo,9,566.1969735613646,1512.0663502262162,2807.37274614367,269.8912474962679
it13,it13-013,paca,1,726.9789153995974,1354.1094374844313,2352.0754601784693,276.4049512488598
it13,it13-013,paca,2,821.4581853011875,1516.6280087599482,2438.1968355166327,274.9134811187451
it13,it13-013,paca,3,843.6206541138986,1514.8363059396872,2520.260523664537,271.6129809555864
it13,it13-013,paca,4,906.4993143698678,1539.0536326599326,2592.1805297141573,270.22589259609833
it13,it13-013,paca,5,1006.5398587274151,1567.9950639976619,2588.4178411803414,270.9696311587264
it13,it13-013,paca,6,1040.3403496411704,1599.8736941658133,2564.7281267088474,275.30432210645955
it13,it13-013,paca,7,1046.6620670664142,1640.8244967284345,1993.7000883969342,283.72915349855697
it13,it13-013,paca,8,1052.817663948023,1660.148561161216,2033.7876446098637,289.5622545635694
it13,it13-013,paca,9,914.5299677352699,1626.078922950502,2170.047208612833,293.6560797388687
it13,it13-014,pogo,1,562.8234481874849,1047.4990317746804,2320.8935738365317,279.43858104395605
it13,it13-014,pogo,2,573.1150609542482,1034.4612228945653,2345.9564673931586,277.59261996177383
it13,it13-014,pogo,3,587.5118044156055,1056.1895361201741,2333.617648032019,274.20409553895576
it13,it13-014,pogo,4,599.3537852012721,1064.9484562633365,2334.3358233756567,273.17266865449466
it13,it13-014,pogo,5,621.7490621515888,1057.2595035738866,2351.943672100641,275.84158586781905
it13,it13-014,pogo,6,659.2804390027641,1042.2738925471438,2408.918016621099,279.0926748350858
it13,it13-014,pogo,7,679.0821601437636,1035.8367016974814,2423.243494906193,281.3100806971684
it13,it13-014,pogo,8,642.7121400446404,1049.557561345744,2379.5253426731856,282.6781729199601
it13,it13-014,pogo,9,587.5016393810872,1074.0958692310705,2332.245132996336,288.09428094071393
it13,it13-015,pucu,1,510.1423998637192,761.8286408282822,3065.641609730832,277.11371704452205
it13,it13-015,pucu,2,545.8666731529123,850.2704877278128,3477.050675126132,280.0454177656988
it13,it13-015,pucu,3,562.4291398117889,1064.0125596176194,3426.669477306339,283.52810754765653
it13,it13-015,pucu,4,568.6424069399195,1227.9010954982014,3299.0825352502693,288.1942975642897
it13,it13-015,pucu,5,570.0240333247392,1424.0898715453884,3053.3991768509313,291.8700233122849
it13,it13-015,pucu,6,578.9142751645664,818.1449937094031,2978.0278180484265,294.8826121642833
it13,it13-015,pucu,7,582.0656688032159,869.3614836132773,3030.6517436786557,296.9888766492101
it13,it13-015,pucu,8,560.5293779497654,1085.4263576226385,3101.8412431029806,297.22183704294616
it13,it13-015,pucu,9,532.2973042047928,723.1425568773961,3126.5981962655733,292.3205864971429
it13,it13-016,poto,1,622.8461936993142,950.3902221341614,2382.589988397347,272.79671762804844
it13,it13-016,poto,2,684.290882743829,969.0667086835805,2406.037175135661,269.32099318542583
it13,it13-016,poto,3,698.9403358672512,1030.891504819828,2359.6106711628563,266.1295058893136
it13,it13-016,poto,4,737.643986846206,1056.7665126294385,2381.9100258918206,266.16736405369863
it13,it13-016,poto,5,779.0165185531737,1188.7560707176349,2436.1961514037207,269.6704371427589
it13,it13-016,poto,6,786.6928399693486,1317.81832950935,2499.57787863538,273.4663719062109
it13,it13-016,poto,7,800.9218776615783,1428.3634466929363,2531.1740052397813,276.81257836119437
it13,it13-016,poto,8,816.4710363498654,1632.3230122786558,2704.0298437311512,280.7408878922871
it13,it13-016,poto,9,786.3263343786699,1549.0833992197836,2902.6605813526003,282.7810921792823
it13,it13-017,putu,1,373.8024838666356,771.6267210513331,2012.394969964629,279.15292968819153
it13,it13-017,putu,2,442.59789401429697,716.8450663119884,1978.4256238550506,285.44997757370777
it13,it13-017,putu,3,521.4044959937868,533.6505080726454,1761.416663218706,292.13966838008
it13,it13-017,putu,4,495.76576362017005,661.6956769690436,1754.4688530618928,297.8335672819632
it13,it13-017,putu,5,433.3329451003865,785.6886103135039,2049.7866459008187,302.86038823589894
it13,it13-017,putu,6,406.1823028876583,865.2666184985159,1983.2045412797854,306.066710784848
it13,it13-017,putu,7,391.74089800055214,923.3485493155422,1748.429028158661,304.4686038512932
it13,it13-017,putu,8,441.1283975477946,1187.1526916879593,3119.6794147882674,297.4599811481669
it13,it13-017,putu,9,392.4628358634101,1029.3384997545304,1585.6861524579635,284.6324007344793
it13,it13-018,paga,1,790.8694754294828,1450.4574929917396,2282.892165943202,265.7529100204093
it13,it13-018,paga,2,844.8496627808545,1477.9669064598027,2260.4928520162175,263.5368495773099
it13,it13-018,paga,3,939.0620574452643,1500.5458428865707,2314.7662943850905,260.83550342597397
it13,it13-018,paga,4,965.3972933951145,1510.9347485099422,2441.4868077922497,255.9612155811073
it13,it13-018,paga,5,953.0113092297261,1513.181820424259,2327.3974176789065,252.2846412988083
it13,it13-018,paga,6,944.5717086624247,1506.3397757057576,2410.3858267163982,252.2196370100188
it13,it13-018,paga,7,912.8766312288568,1515.7893562638612,2451.541186498331,255.55120355548823
it13,it13-018,paga,8,829.3211438521791,1543.7461802285586,2410.5644885491697,258.0420153813952
it13,it13-018,paga,9,722.5128217999612,1564.3859446614183,2316.065859861977,257.12642782504696
it13,it13-019,poco,1,547.7554166754608,1015.2068038414325,2570.4868157674373,257.0161762967865
it13,it13-019,poco,2,551.9038263717171,1018.08014625595,2538.825450979321,257.4874430756201
it13,it13-019,poco,3,559.376557960959,1022.5478322665919,2522.9265194430573,257.6297680638853
it13,it13-019,poco,4,595.2546178623235,1024.6532298390325,2509.217443477171,256.8219789435599
it13,it13-019,poco,5,644.4362646396617,1024.5952639094533,2486.443833280679,255.57473993642057
it13,it13-019,poco,6,688.302974482061,1009.6685569597582,2459.465451978217,254.87806831799807
it13,it13-019,poco,7,726.9775541856869,933.7630576213124,2462.6758487133147,255.92276987849723
it13,it13-019,poco,8,748.9441235223685,853.9325105368299,2428.9543325706663,258.4780003628951
it13,it13-019,poco,9,720.0446867098804,947.2272389114995,2440.863357169462,260.72184627855256
it13,it13-020,pada,1,761.9115236025009,1335.3243906996606,2459.250768157909,270.10686106344656
it13,it13-020,pada,2,818.5726788343095,1478.8709965619964,1621.8668055038568,268.56642658307993
it13,it13-020,pada,3,952.047350149022,1362.057023601472,1539.3767540548342,263.62593865075127
it13,it13-020,pada,4,992.2135659489732,1501.4927449211018,2232.075378001694,260.35791083329605
it13,it13-020,pada,5,996.6408919060087,1525.396383281459,2260.580249839577,258.23902506825925
it13,it13-020,pada,6,989.2749352242345,1537.9764372520935,2301.8833210229272,258.11928413393974
it13,it13-020,pada,7,985.7884001528851,1569.7140472165318,2217.7027781871884,258.22324697920624
it13,it13-020,pada,8,936.5914150597079,1653.9753288594268,1871.8381443769363,257.8796735056582
it13,it13-020,pada,9,762.2871730845924,1729.948539946647,1827.3130463425123,254.85417476624488
it13,it13-021,pudu,1,511.2941352979515,887.0892742242805,3580.475756933347,258.1226077215656
it13,it13-021,pudu,2,484.23808125813247,738.1109799609229,2906.491179195192,261.1946496969031
it13,it13-021,pudu,3,517.5585415513129,844.0327466788435,3369.215343787238,263.50038826142276
it13,it13-021,pudu,4,527.731694613034,751.1459897037705,1429.0522243142896,264.8033652402175
it13,it13-021,pudu,5,535.5394769094768,738.0743489108022,1478.080194999221,265.5532387080854
it13,it13-021,pudu,6,531.1430512880247,735.2645154518217,1739.8847869225676,265.3474663656578
it13,it13-021,pudu,7,513.2119463730679,1172.1869495322628,3373.397741663143,262.7817041277031
it13,it13-021,pudu,8,467.95863717314245,1131.0692569216606,3254.00070822959,259.72012257329607
it13,it13-021,pudu,9,484.91673360832726,1414.9655994302639,3134.1858224076373,257.8532127176699
it13,it13-022,pata,1,757.5260307850443,1313.167049296435,2470.5630050226164,258.9476354392978
it13,it13-022,pata,2,803.2982696712943,1354.0734697394134,2414.215323980164,255.585097775997
it13,it13-022,pata,3,894.6287768398367,1427.8451657467876,2214.3585110360186,253.47770314951106
it13,it13-022,pata,4,947.5205359942179,1500.662147877791,2187.1293279721835,253.83967435677005
it13,it13-022,pata,5,967.1394075251596,1565.214728942297,2228.3491514547286,254.85229842889922
it13,it13-022,pata,6,970.4412980136962,1621.3789108776766,1907.7650562077984,255.78577619628848
it13,it13-022,pata,7,973.2374197998836,1398.0634982794604,1729.7031523838475,257.5518505182636
it13,it13-022,pata,8,899.7735403548411,1020.4164432577497,1815.2919886690613,260.53610639295005
it13,it13-022,pata,9,723.2942971105266,968.6905475166374,1861.9962199820986,263.66561957021736
it13,it13-023,pugu,1,418.31310337278904,817.7649458468809,1935.6466419237534,254.81393832717117
it13,it13-023,pugu,2,480.92181851925295,837.3091921161691,2316.5512256858337,259.1739418328039
it13,it13-023,pugu,3,512.6863888552717,826.3138031250178,2838.4660329497283,264.0289777619788
it13,it13-023,pugu,4,509.7920822988383,757.5479289786146,2131.4269959566213,268.7645432501661
it13,it13-023,pugu,5,527.0549156143181,646.3487771309119,3441.8360605241714,272.59864869578087
it13,it13-023,pugu,6,489.8226729171871,598.7470557468379,2842.864800457861,274.09041592370323
it13,it13-023,pugu,7,537.4341585187045,954.9306085049154,3428.876205349399,273.27409066265756
it13,it13-023,pugu,8,526.1470755195194,1293.4119800400576,3201.788677156068,270.4081553467228
it13,it13-023,pugu,9,511.5769916406593,1447.9034812234515,3035.907269186787,266.10260950018017
it13,it13-024,podo,1,511.64765350019707,956.4600329734791,2235.8021368392983,259.0902815228647
it13,it13-024,podo,2,543.8828702661061,1004.0143669438467,2571.581882110145,259.99424531934005
it13,it13-024,podo,3,601.8190911045602,1030.1449021419455,2612.694609273985,258.2495702901872
it13,it13-024,podo,4,695.1628574690827,1086.0223986361564,2523.7283663085723,256.72184249633426
it13,it13-024,podo,5,718.0926606398937,1175.3058118015983,2457.853463420495,256.53403454383505
it13,it13-024,podo,6,736.8184459156394,1267.8766739898479,2468.8203611316053,255.16423604413356
it13,it13-024,podo,7,744.8535321393135,1382.6898037481767,2515.010276289711,253.56898715548454
it13,it13-024,podo,8,727.0583323580425,1536.446650308933,2651.664341723477,254.12843284313965
it13,it13-024,podo,9,636.2351493419428,1608.0665955074664,2810.7192947464214,255.49394441363356
it13,it13-025,paca,1,857.0509593580878,1422.407493500433,2559.2861598932955,292.6942479319046
it13,it13-025,paca,2,900.2724256839402,1427.370639032575,2105.876507528443,291.34852939908177
it13,it13-025,paca,3,1054.1952523414361,1333.0570463471365,1709.9173733977996,286.1562797167218
it13,it13-025,paca,4,1103.8216997101424,1363.9265414343731,1728.3255371475952,283.94272204032603
it13,it13-025,paca,5,1108.0615910646438,1403.541638221987,1893.4971444946104,283.5017741193677
it13,it13-025,paca,6,1128.96796507398,1396.791847811359,1766.6054471967034,287.88077462535546
it13,it13-025,paca,7,1144.9940586507196,1265.619212922116,1831.5380101519095,296.1364997119301
it13,it13-025,paca,8,970.501995821037,1228.0093550972174,1964.6619837609078,303.80117845162357
it13,it13-025,paca,9,829.4300284831869,1228.7277296200086,1822.2712937126496,308.0539125629099
it13,it13-026,pogo,1,583.7175806152994,1020.1591330139354,2584.717720422508,287.83452137492276
it13,it13-026,pogo,2,596.6373655928818,1046.3524564510535,2571.1154830600954,284.19488327152885
it13,it13-026,pogo,3,642.8776887397431,1058.2795301704555,2524.043712036808,280.38834788964186
it13,it13-026,pogo,4,679.9699939345101,1070.5048778960518,2525.100415122501,279.59183151823987
it13,it13-026,pogo,5,701.5046923535384,1070.2009288371264,2576.475161680938,279.1918422996117
it13,it13-026,pogo,6,708.5307931775334,1065.5890056327664,2687.9281775807704,278.4686970259823
it13,it13-026,pogo,7,695.740818783512,1059.506172865009,2999.343677766583,276.11419703893097
it13,it13-026,pogo,8,635.7765845370316,1058.9641238590966,3173.016007228115,273.2995464972717
it13,it13-026,pogo,9,574.1834642778006,1078.7541028264343,3308.4135282134207,272.10777832209635
it13,it13-027,pucu,1,514.1886286614816,780.9252894353585,2677.8055787268468,271.767199677673
it13,it13-027,pucu,2,543.9989295752509,1069.0249190029078,3347.934888153926,277.5260822658167
it13,it13-027,pucu,3,548.7852741182511,1349.2512007239889,3383.936242898702,282.4357765706154
it13,it13-027,pucu,4,551.3922724870498,1522.2821646067505,3489.4925508310157,285.900872008117
it13,it13-027,pucu,5,550.4023563781166,1617.300662364577,3381.348407596807,287.3796320661702
it13,it13-027,pucu,6,554.1243453889795,1550.8507505536377,3106.333297969786,288.6752533782089
it13,it13-027,pucu,7,552.5621841059257,1361.6726186771905,3053.741980670027,289.7722117897498
it13,it13-027,pucu,8,522.4940593686664,1156.3579766038108,3025.571504084625,286.204072996851
it13,it13-027,pucu,9,430.40948187662593,542.1375252612878,1611.8861720835143,281.16368401048425
it13,it13-028,poto,1,569.0732982847027,930.9505222696661,3042.596004198488,257.25344989272196
it13,it13-028,poto,2,607.4444253938997,961.4670946557658,3013.6278344571056,253.97200148395262
it13,it13-028,poto,3,629.3122660329448,993.814169978194,2954.144601943133,252.1190771098778
it13,it13-028,poto,4,637.8107848595623,997.371605839273,2894.8454921116645,252.4371624101805
it13,it13-028,poto,5,680.452181649002,1012.6260356238786,2740.8493010105108,255.7832445622039
it13,it13-028,poto,6,729.4441076654966,1170.0486753047746,2790.6863784129846,260.38881084234015
it13,it13-028,poto,7,731.7041197874563,1331.6127415456301,2811.5290310543064,265.7283262178214
it13,it13-028,poto,8,698.7222169629498,1453.6905635830906,2856.248068366568,272.5307494750583
it13,it13-028,poto,9,648.356386703182,1646.8343436181692,3005.449732952874,280.44550278218554
it13,it13-029,putu,1,479.58506767139176,711.0958880193224,2544.9116982524724,275.4581734789443
it13,it13-029,putu,2,516.8857589415876,695.5033771817294,1682.3692772830436,280.8953837130352
it13,it13-029,putu,3,467.39047559232864,830.3718654871954,1209.3391413201286,284.91334154276245
it13,it13-029,putu,4,530.8362004603446,1027.5411641487603,3528.333492935841,287.88557467333806
it13,it13-029,putu,5,525.2291306864272,964.7763611764216,3730.036687742268,290.40061647808994
it13,it13-029,putu,6,454.1310975712381,875.8466651361679,2137.2392693708402,292.8199714407286
it13,it13-029,putu,7,484.29602438918073,995.6263471607608,2956.840407848909,294.8347771165675
it13,it13-029,putu,8,447.80025022608964,1207.36871699919,3348.7457995500645,297.960610621544
it13,it13-029,putu,9,445.2558011293015,1335.8445453662846,3396.6992319338665,295.08421487615595
it13,it13-030,paga,1,725.7055562081512,1259.38284954337,2460.4579501818484,291.6044148611854
it13,it13-030,paga,2,840.287393567331,1393.2996169186713,2480.256589961597,290.5418629501102
it13,it13-030,paga,3,878.9198846697642,1429.1334904437736,2466.1416845978524,289.8358653278845
it13,it13-030,paga,4,962.4178532593115,1444.5991215183053,2470.0605129682235,288.2234252028525
it13,it13-030,paga,5,1008.0499127562168,1454.5689272623981,2395.5386717700762,287.5346491011379
it13,it13-030,paga,6,975.4540238075921,1471.3759199119847,2430.693846507038,288.8535871979084
it13,it13-030,paga,7,924.0630391680629,1495.254907145108,2430.090999181656,291.215965004771
it13,it13-030,paga,8,877.1938513644292,1568.636458714089,2431.0365578594233,292.5963706660634
it13,it13-030,paga,9,794.6448312790953,1691.5663406947108,2015.2904402949166,292.5205508182063
it13,it13-031,poco,1,564.355908292033,1083.2301387105394,2412.6671436716933,268.5184433215725
it13,it13-031,poco,2,584.689983615726,1085.4323711212728,2435.3128823347233,268.1732449206321
it13,it13-031,poco,3,636.2657761581493,1081.8053324372142,2428.443974568678,268.983714579085
it13,it13-031,poco,4,688.4211877285909,1074.8982739157896,2364.9940448835982,270.07931271843944
it13,it13-031,poco,5,723.7967349388443,1081.3545352062429,2342.7168304227835,270.894822949885
it13,it13-031,poco,6,754.3303676195653,1107.3279983686666,2391.838039084768,271.73525681383927
it13,it13-031,poco,7,755.1372310934436,1050.0447524597826,2359.2802238295826,273.6865945200731
it13,it13-031,poco,8,770.1219589951444,970.1843073759616,2373.763799730764,276.6643355199536
it13,it13-031,poco,9,813.1814547420637,871.1106443501408,2422.7192138472114,281.4961144681992
it13,it13-032,pada,1,805.9798696004736,1369.324799266707,2404.9532491409573,275.8627517667369
it13,it13-032,pada,2,824.8258970405908,1357.4650614863767,2256.061111018054,274.2006133545754
it13,it13-032,pada,3,874.7253050620621,1399.6205530023633,2195.706306034718,272.01847354539217
it13,it13-032,pada,4,962.427356803218,1506.6819671564208,1963.9975390420248,270.9338588290747
it13,it13-032,pada,5,1001.7506324441514,1581.0089596836988,1895.4376085877268,269.7587081592778
it13,it13-032,pada,6,1022.2736678344545,1613.2574671359694,2106.071227434117,267.55838039891694
it13,it13-032,pada,7,1023.329443787439,1656.9951825590927,2213.510930985992,264.5489194184402
it13,it13-032,pada,8,378.1358859841799,1046.6897797246183,1811.5014630899093,263.01839060402375
it13,it13-032,pada,9,868.1061060832262,1503.7921922860198,1818.4237789917001,263.85091510686027
it13,it13-033,pudu,1,476.5302257058305,629.3323743518022,2008.4075135894277,265.08536312635346
it13,it13-033,pudu,2,459.96141759252373,797.7962056132096,2333.383233593737,267.84410410892303
it13,it13-033,pudu,3,526.2024644536817,1772.8623771358093,3800.41209131394,268.5063296545193
it13,it13-033,pudu,4,525.8601827886978,1835.4820910050698,3700.1014513582036,267.4992148236803
it13,it13-033,pudu,5,527.0714845958545,1867.4905703118295,3826.39797238177,266.2875476280956
it13,it13-033,pudu,6,520.1429959293116,1158.6855794471924,2546.6905339782916,265.5138682803108
it13,it13-033,pudu,7,461.35767876471465,1072.318026401389,2372.737128185018,265.326583746446
it13,it13-033,pudu,8,464.32060030737443,1343.5642018088975,3207.157490141258,265.96741061254954
it13,it13-033,pudu,9,453.81476176798634,1609.8190018134926,3206.875510077643,262.27472930545963
it13,it13-034,pata,1,761.8287629707132,1181.6340651447108,2456.426256656218,283.0649361447709
it13,it13-034,pata,2,836.8245819264722,1374.5610150237228,2474.299773678189,279.5566251194668
it13,it13-034,pata,3,867.0425363736658,1403.242077911723,2487.941695558607,273.2721113792628
it13,it13-034,pata,4,953.573224514288,1437.4000101123847,2521.947492921551,267.2488188248387
it13,it13-034,pata,5,1013.6704494752295,1487.7877674343683,2081.1328503969726,263.4680533051541
it13,it13-034,pata,6,1016.6845771880613,1582.6435354471685,1934.624486992245,263.52624934651783
it13,it13-034,pata,7,1011.9838898725877,1626.592423596119,1767.337205247836,267.5145983707883
it13,it13-034,pata,8,870.3918381666019,1437.0634802978109,1935.214563831197,273.65899869054846
it13,it13-034,pata,9,796.8763549844763,1081.9783499878656,1968.5165271508547,277.37770206572156
it13,it13-035,pugu,1,304.4541562316313,728.3005937379687,2256.591071263069,244.9761673043437
it13,it13-035,pugu,2,313.1352230809695,736.1375542427028,2179.2429872724206,245.89433393474482
it13,it13-035,pugu,3,341.6548714620844,740.1540907580236,2045.5077776015285,248.74716393466832
it13,it13-035,pugu,4,406.07345197924377,728.703062536231,2042.7870026696078,252.13198910529033
it13,it13-035,pugu,5,464.1800242553135,709.8686160235773,1984.4629127841104,254.9486207689992
it13,it13-035,pugu,6,477.30344720162276,703.660995922804,2056.8277142783463,257.03061860965335
it13,it13-035,pugu,7,505.2794108582708,648.7359172853701,1969.6289465962093,258.0958546156804
it13,it13-035,pugu,8,499.22212573593845,835.767524208583,2124.644987601867,258.10218884899956
it13,it13-035,pugu,9,508.9265812289941,1683.995115928531,3641.3228086706154,257.01853937391274
it13,it13-036,podo,1,559.1392059868067,959.6983778437433,3110.5439621710075,261.72473313214323
it13,it13-036,podo,2,579.5083148683769,956.3648146674401,3154.4599519971175,260.7825434928208
it13,it13-036,podo,3,642.4013801490819,953.8137557548698,3118.530743359646,259.0787456734487
it13,it13-036,podo,4,691.9542974883648,941.372810587834,3070.338127520331,257.6479120393539
it13,it13-036,podo,5,688.3769770617384,1007.7723472890198,3092.63585339584,258.7682765532163
it13,it13-036,podo,6,718.5483959529118,1112.717595657171,3158.7686703696954,259.34594959953347
it13,it13-036,podo,7,726.8602867962258,1282.0007874266082,3278.260752737408,259.0845430669848
it13,it13-036,podo,8,704.597659240358,1385.2447506333922,3347.162151204451,258.7251572146647
it13,it13-036,podo,9,610.5659437850164,1487.7884906173344,3369.5166698150833,257.4144062620085
it13,it13-037,paca,1,783.8659192848136,1344.602370409728,1928.9425734390259,308.291192302325
it13,it13-037,paca,2,894.3174200176427,1283.8397805984832,1472.795231076287,303.42170206300705
it13,it13-037,paca,3,897.4407342127358,1441.65942501499,1880.306204829718,301.39493479916143
it13,it13-037,paca,4,921.4967495300712,1436.3503783490307,2088.265134619681,299.22174160496354
it13,it13-037,paca,5,939.2810470111024,1416.8477185986605,2001.9083065275165,299.19211121604013
it13,it13-037,paca,6,963.3821048464387,1418.2299914635669,2002.1076104955634,301.9913431545258
it13,it13-037,paca,7,967.6910564176281,1489.5228780112882,2023.189703942903,307.930696216368
it13,it13-037,paca,8,921.0104851984203,1553.85330798078,1930.1762759640267,313.47792500888136
it13,it13-037,paca,9,872.1865116945046,1152.8249471733902,1680.3708159758835,317.3836205626781
it13,it13-038,pogo,1,610.3458213472254,1050.1962474110517,2598.4979569831353,297.6930171105049
it13,it13-038,pogo,2,635.2897233233847,1075.2989403664333,2568.7861055578483,294.90504315687707
it13,it13-038,pogo,3,688.6241196843279,1110.6458238047558,2555.8933645039106,293.1599577102214
it13,it13-038,pogo,4,745.8625089071057,1115.4148021942754,2514.906253089755,293.9959591820616
it13,it13-038,pogo,5,774.9317690642008,1105.9078849703212,2532.1317786252757,294.95198743884464
it13,it13-038,pogo,6,782.5937248044178,1101.5208068424904,2543.5702012734164,294.5000080265831
it13,it13-038,pogo,7,762.3963477031341,1112.5105081485326,2587.6746557707074,293.72667300313617
it13,it13-038,pogo,8,713.5341772978533,1137.768329500929,2648.3565873521816,294.5829829139504
it13,it13-038,pogo,9,665.7972723394968,1168.401056737769,2580.342168199128,299.24552407809705
it13,it13-039,pucu,1,519.2295579881998,834.8019269324765,3442.7761664802883,276.7444187866754
it13,it13-039,pucu,2,545.7016110355163,930.1914075214015,3403.4440368296837,281.72648216463887
it13,it13-039,pucu,3,558.7534219640514,1007.1992732065664,3510.2247931558077,288.4546280880718
it13,it13-039,pucu,4,579.813857059584,1268.3848928628004,3705.7131589753917,294.6073745112929
it13,it13-039,pucu,5,258.3380772777663,594.8894478377567,1903.2631706901898,298.93398530217905
it13,it13-039,pucu,6,598.3797839047076,1148.774351144084,3390.640319482869,301.9503977690426
it13,it13-039,pucu,7,591.7876819865868,1358.7752821405622,3326.807887423688,301.5285575606353
it13,it13-039,pucu,8,556.6062765128653,1158.0480012059231,3277.9999443336533,295.33166637060685
it13,it13-039,pucu,9,514.9080096759614,838.125249637672,3236.872887491461,286.8375041899115
it13,it13-040,poto,1,607.6881981967789,957.2647167148426,3053.9756532838596,280.80744110656974
it13,it13-040,poto,2,667.1324303106629,934.3772286332637,3022.894816013293,274.5728586512116
it13,it13-040,poto,3,717.3448889467973,1013.0930410879516,3106.3335034673796,271.19722049094156
it13,it13-040,poto,4,720.4294488162767,1058.6066252065611,3211.8416494943294,270.34062424082003
it13,it13-040,poto,5,750.2347083563861,1085.348187961883,3268.27557529586,270.8467271671046
it13,it13-040,poto,6,755.7832214251815,1208.4695029783177,3218.9187192921518,271.962674261311
it13,it13-040,poto,7,736.789111548551,1344.3748861835027,3140.7477182827306,274.1407184014755
it13,it13-040,poto,8,677.8377974392307,1327.571552293494,1764.7102213103972,277.6358537493493
it13,it13-040,poto,9,640.2937621914206,1404.4731838162377,3366.0100317696383,275.34816257919323
it13,it13-041,putu,1,362.88243353504583,759.8194593129917,2354.9716111029697,287.8184431462794
it13,it13-041,putu,2,434.959621146353,716.1438433242372,2109.518400997898,288.37033113980516
it13,it13-041,putu,3,458.8708367943744,558.729149146991,1385.248228077658,292.2187237717751
it13,it13-041,putu,4,413.8676366121765,581.9451801818068,1772.7107873318187,296.6696347937573
it13,it13-041,putu,5,479.4059966502471,603.6209191714078,1802.7761657221456,300.6260117787616
it13,it13-041,putu,6,569.6391304862333,1002.985407793841,3257.773238388873,301.99503646758404
it13,it13-041,putu,7,440.8640158990099,817.967858383161,2032.4219404423982,303.103223993079
it13,it13-041,putu,8,470.355117705384,1148.3619405894622,3087.745152078643,304.93936817523945
it13,it13-041,putu,9,409.0623486209901,1346.0565227246207,3040.5570896935706,303.6801248637093
it13,it13-042,paga,1,712.5434768988741,1206.9105890856868,2504.513438386289,277.8659433373627
it13,it13-042,paga,2,815.2833659926973,1355.5333133059653,2553.7630567157025,279.17801590201003
it13,it13-042,paga,3,831.2225231068843,1302.954831645443,2225.7705314522027,279.93367790194975
it13,it13-042,paga,4,848.2921538086898,1265.5395733248124,2110.4489967829454,278.99468342071884
it13,it13-042,paga,5,869.1455485842434,1320.2417458039208,2079.0330642190615,277.8649500618302
it13,it13-042,paga,6,859.2894918524603,1453.0732549717438,2097.72529018156,276.45992545182366
it13,it13-042,paga,7,838.1155577359779,1543.0406586872655,2343.979314225212,275.3476718817582
it13,it13-042,paga,8,809.8166175360033,1591.8119563528742,2225.6031250286323,273.79132046240403
it13,it13-042,paga,9,762.5226748795056,1623.2325072252875,2349.998892475586,271.3808031335055
it13,it13-043,poco,1,569.1040611340832,1042.5012260315802,2486.2836163851903,278.2830037316512
it13,it13-043,poco,2,578.9045667316522,1041.9441742317194,2486.5010318949376,277.970175726482
it13,it13-043,poco,3,604.1480171620765,1045.2106145187472,2523.228186747702,276.98052789641366
it13,it13-043,poco,4,648.0407444181935,1041.3755283360558,2489.0719756624067,276.71625093435017
it13,it13-043,poco,5,699.3397023828265,1043.267280705279,2452.4241456489312,278.23348286886534
it13,it13-043,poco,6,739.1974200747787,1054.495815540836,2443.2149300755514,279.6526866043595
it13,it13-043,poco,7,758.9591353142011,1056.8700744382195,2415.268649954686,281.09574257434997
it13,it13-043,poco,8,744.5518283021804,1050.55601575959,2394.2285758828975,283.03719287207866
it13,it13-043,poco,9,694.8592152125603,1065.5938654915449,2430.328179585707,286.39562974067263
it13,it13-044,pada,1,755.9519580233494,1285.7471674346878,2512.3912706051333,268.94395887539287
it13,it13-044,pada,2,802.922203663097,1353.0360479259575,2510.8504839782486,270.2135191690114
it13,it13-044,pada,3,823.1440581394095,1335.3205050505692,2360.1879262696148,269.79884116340446
it13,it13-044,pada,4,847.1185557280245,1327.7438556878271,2162.0387077025816,268.97879624659413
it13,it13-044,pada,5,862.5159460483236,1372.3917043049153,2148.860166737867,270.30237407531166
it13,it13-044,pada,6,860.6854565998691,1473.04492531403,2112.113166605701,272.7235695125184
it13,it13-044,pada,7,831.9185986396149,1563.8778862627937,2227.5449115019187,273.97523259558153
it13,it13-044,pada,8,801.7352014001167,1635.8467463277013,2087.3314421151795,272.82883707991226
it13,it13-044,pada,9,724.5794230149144,1649.960804249704,1753.0571965689737,270.51104035801154
it13,it13-045,pudu,1,553.1237151127182,933.5222724023506,2593.310934568141,277.6629210102222
it13,it13-045,pudu,2,564.6707564320122,1152.7791493128711,3425.602415588786,282.2148288845082
it13,it13-045,pudu,3,562.0838033536633,1182.4581042587981,3455.773594783128,285.8895385173459
it13,it13-045,pudu,4,546.4853051401456,1021.8813091322504,2857.725073855666,289.31648156057736
it13,it13-045,pudu,5,499.7310362990922,798.0993414007789,2021.3357590231237,292.96140223627805
it13,it13-045,pudu,6,495.24744935561165,889.5628263014758,3225.6776166147974,295.48221971145273
it13,it13-045,pudu,7,518.7928749771864,1056.8233504168243,3329.947868912398,296.1428622880081
it13,it13-045,pudu,8,505.9125229770591,1216.1292797629233,3293.033573778056,295.6240372482826
it13,it13-045,pudu,9,487.24570159520215,1398.277222355812,3244.01934848369,289.0293788082742
it13,it13-046,pata,1,768.9698593792648,1283.147197772792,2485.4600927479783,272.1818832982758
it13,it13-046,pata,2,806.0041778690911,1321.1581667434787,2476.302323713279,273.79304125269357
it13,it13-046,pata,3,832.8174731414224,1336.6348989258865,2416.918787431217,274.74360939097704
it13,it13-046,pata,4,878.3832183565543,1392.534771184137,2388.4881763864764,275.74345001155086
it13,it13-046,pata,5,923.3029096156502,1487.6592646853492,2143.0007222285913,277.31285446832607
it13,it13-046,pata,6,947.0627758968612,1586.5974389114554,1975.5533107026477,279.04278926074977
it13,it13-046,pata,7,938.8265194984336,1646.8061501226657,2036.765418599945,281.7853924525221
it13,it13-046,pata,8,882.6107336713425,1313.8858699563266,1932.439043533765,283.97082903043713
it13,it13-046,pata,9,803.9046613666208,972.3404210881647,1945.6696717234254,285.42362253125225
it13,it13-047,pugu,1,548.0827193874684,750.6948353841912,1573.838305125449,275.6302322827983
it13,it13-047,pugu,2,527.4311903162186,762.8094088204701,2232.4948063981196,277.9898647526713
it13,it13-047,pugu,3,539.2345731441422,804.0201697550775,2917.518428921524,281.2707968528227
it13,it13-047,pugu,4,551.8685271753275,854.5723226625972,3452.916611707893,284.36422769893966
it13,it13-047,pugu,5,567.9417198424932,1029.9943525369965,3576.5083143423844,285.9552369626219
it13,it13-047,pugu,6,550.2003959692736,1514.7713612071952,3732.673694472216,285.32288854538166
it13,it13-047,pugu,7,511.2953258191036,1791.9820883186876,3772.9298678412783,281.86749716451783
it13,it13-047,pugu,8,411.1220521254456,1137.8499830111064,2407.9527944788606,274.4215425295185
it13,it13-047,pugu,9,371.3813528120911,929.0996763980892,2994.941990251911,267.717671332512
it13,it13-048,podo,1,575.0857821641113,995.4823461662663,2654.672547183296,277.6915505159324
it13,it13-048,podo,2,611.1883789979014,974.8501874913547,2718.9937134117326,275.02426617763894
it13,it13-048,podo,3,666.0590680738203,993.3520471729694,2656.222136754709,271.30412864543933
it13,it13-048,podo,4,708.0903819990915,1009.2174303236067,2503.1379027810513,270.06889508174146
it13,it13-048,podo,5,748.0795043798793,1175.6639384443313,2723.4135619390754,270.47023339706146
it13,it13-048,podo,6,738.4390589475562,1312.0113674716845,2865.348822240582,270.2869596165133
it13,it13-048,podo,7,677.8433270335083,1384.7085171932054,2944.1816956691637,269.9231683783055
it13,it13-048,podo,8,568.406625575178,1539.9614277779729,3403.9563295625358,267.35082204097347
it13,it13-048,podo,9,522.2190789668471,1606.0024042651794,3356.87139406467,262.6177221830798
it13,it13-049,paca,1,817.4166822732482,1288.5787542506018,2246.063175339064,293.3852858042046
it13,it13-049,paca,2,874.6877792114095,1410.6231251190534,2522.662979674693,293.79030440681686
it13,it13-049,paca,3,909.7606068567087,1413.677688075441,2480.0863316361656,293.0051088023509
it13,it13-049,paca,4,989.2374346487064,1384.6943254235437,2466.5523667462408,291.6166647992345
it13,it13-049,paca,5,1101.3854070838,1367.2667376816041,2450.727848115916,293.0386675732246
it13,it13-049,paca,6,1035.922723698564,1426.9919523493352,2384.538529062219,297.71781863990077
it13,it13-049,paca,7,962.8577059633384,1484.1055090611853,2204.464251342943,302.4150884284265
it13,it13-049,paca,8,910.641458160145,1495.5371875655533,1950.700470574694,305.6022544961226
it13,it13-049,paca,9,846.931285547519,1452.4107805608407,1683.6356660245308,308.9856250042818
it13,it13-050,pogo,1,587.9349050502258,1028.4992181363843,2388.9593994126603,283.717298724741
it13,it13-050,pogo,2,624.8964747648062,1028.8077349515988,2389.8742513062625,281.6926462278208
it13,it13-050,pogo,3,702.4417274805165,1041.922737928393,2377.8720672037307,282.2164598840294
it13,it13-050,pogo,4,734.6167485627775,1075.8392014340586,2397.260475873281,284.77078920278575
it13,it13-050,pogo,5,713.9822571684564,1097.8682984902575,2434.5202521693313,286.1894859794418
it13,it13-050,pogo,6,671.9436123483035,1109.614129182142,2434.336462666855,287.62089191101677
it13,it13-050,pogo,7,628.2140955452857,1135.0081578602585,2457.8808031585,289.8133967974394
it13,it13-050,pogo,8,599.4970315655426,1157.6344470149747,2513.758453777876,292.7815349206754
it13,it13-050,pogo,9,599.4408298681252,1179.0453439053379,2514.1540204706967,298.8079675975244
it13,it13-051,pucu,1,493.178231760445,791.9759717263037,2468.9800769273334,278.88665817493194
it13,it13-051,pucu,2,520.4648162835499,846.3285338509249,3084.542396955609,284.4430126478425
it13,it13-051,pucu,3,539.0590494604783,945.8528904606196,3423.923521942611,290.135714956873
it13,it13-051,pucu,4,561.9528996173071,1053.5626093435922,3388.5771182169397,295.0776518822677
it13,it13-051,pucu,5,576.0543217493657,1071.9212463909994,3292.7436477490137,299.0799235040556
it13,it13-051,pucu,6,587.471414494138,1142.6331758844783,3289.12448027348,302.63710415873066
it13,it13-051,pucu,7,558.7776192039096,1223.3891930553846,3291.035180072579,302.1036316382796
it13,it13-051,pucu,8,546.2922485582978,1339.8380571060873,3290.665825160551,299.14964281880526
it13,it13-051,pucu,9,551.1997262065009,768.0591288920025,1942.6082383836278,294.7972520795439
it13,it13-052,poto,1,600.8601041517841,958.2380524708985,2310.885333288075,279.7761831657595
it13,it13-052,poto,2,663.901824705107,968.5877394877593,2303.3118285223068,276.9399408373162
it13,it13-052,poto,3,724.1135002103873,1028.6263519983631,2329.7516484302814,276.3988334487874
it13,it13-052,poto,4,760.4350067897855,1069.8318332465276,2404.7287265791274,279.6580442592879
it13,it13-052,poto,5,809.0044772239314,1104.956594965481,2486.026113715486,284.6795472689814
it13,it13-052,poto,6,828.5730141520736,1214.2964606589303,2542.4138814384696,289.699990587634
it13,it13-052,poto,7,822.9108966241837,1354.8999642398078,2572.388709735126,295.04056886468817
it13,it13-052,poto,8,815.8893795863166,1441.790030798843,2520.0211179641433,301.40885660019654
it13,it13-052,poto,9,747.528673218486,1512.9157758078168,2222.613437162185,306.70088364337687
it13,it13-053,putu,1,412.4567879031854,728.1739389847373,2097.392244489135,282.91340175692386
it13,it13-053,putu,2,421.88759082990686,729.4711950781598,2034.5260799921791,288.16912276246165
it13,it13-053,putu,3,443.83851793336856,729.8745649022401,2076.5852152664747,292.8123885258618
it13,it13-053,putu,4,450.48453904220196,812.4533748109226,2159.750194262312,296.92789383824595
it13,it13-053,putu,5,446.52466518759456,895.6746870907957,2415.102767615982,300.9029515119743
it13,it13-053,putu,6,436.69035245596325,928.3799848906575,3414.3372245686496,304.21549216685963
it13,it13-053,putu,7,429.96002818973614,953.3111425731861,3442.9460605023924,305.3517733390847
it13,it13-053,putu,8,421.0714728439955,1143.3676601437317,3205.299027665585,303.72740425844955
it13,it13-053,putu,9,385.6803496709989,1214.8855500824004,2026.138393670054,298.2210946262388
it13,it13-054,paga,1,730.9785027457214,1283.9762917559678,2376.5422692279603,270.834682109207
it13,it13-054,paga,2,787.0173563511878,1376.4452359181184,2359.1829499972323,270.9085120307369
it13,it13-054,paga,3,811.5436639709388,1452.5240232290118,2421.071884685789,270.1918375467314
it13,it13-054,paga,4,843.6084837125811,1488.0325804843956,2400.8840346551583,269.100287766131
it13,it13-054,paga,5,882.460576476722,1506.5311224162424,2393.669123493207,269.29460721407435
it13,it13-054,paga,6,869.569237119881,1530.7984043863269,2355.290803286392,270.63993993436975
it13,it13-054,paga,7,824.9585097955363,1578.130354142978,2339.5143874611877,271.76074993764837
it13,it13-054,paga,8,759.9612172249194,1618.6780825373967,2312.475024141141,271.77358946781663
it13,it13-054,paga,9,642.6990175420228,1633.7792675311453,2277.5526047751346,270.78160328751244
it13,it13-055,poco,1,575.3369383083578,1016.0497724589709,2504.9580153413253,274.44321925635165
it13,it13-055,poco,2,607.9202793177508,1030.0511127475568,2432.610731182881,270.34360626233246
it13,it13-055,poco,3,641.5154546117082,1057.1803871439736,2487.1519534895697,268.42638163313967
it13,it13-055,poco,4,688.6257830730779,1056.492049345505,2477.915887970029,269.4099779467149
it13,it13-055,poco,5,750.6418952249163,1031.7373430461187,2427.383594575125,271.58406689785335
it13,it13-055,poco,6,783.2087969002491,991.0934955447475,2354.237994911689,273.4348712735335
it13,it13-055,poco,7,799.207595438768,922.6417860618783,2285.2818094879,274.8040728771531
it13,it13-055,poco,8,809.6443350983632,880.2837956039898,2289.3808369990743,276.24128583916564
it13,it13-055,poco,9,820.9996327075166,836.0831551643016,2328.2454186225677,279.1231445164506
it13,it13-056,pada,1,784.598343938434,1310.6254087141235,2491.9476171363876,281.1515984086147
it13,it13-056,pada,2,834.9030024815717,1433.1608661553232,2548.035992067126,280.3452505793307
it13,it13-056,pada,3,863.2726332776416,1492.8384312371109,2555.125684139667,278.67812158556234
it13,it13-056,pada,4,894.9685006609783,1567.6108121312923,2559.5550144285858,276.811359654956
it13,it13-056,pada,5,921.5053893847298,1589.809942691008,2071.8816931731812,275.18770299199457
it13,it13-056,pada,6,930.2319252713918,1600.4030669774268,2008.242800570173,274.59452848180246
it13,it13-056,pada,7,896.8023239118461,1647.1047496594797,2004.06421984033,274.7367160303187
it13,it13-056,pada,8,835.3117290969375,1758.373118296573,1964.4683487264417,274.46877310289176
it13,it13-056,pada,9,784.0042236476806,1564.311601711339,1851.5606724336917,272.96634838452013
it13,it13-057,pudu,1,570.8933308154116,638.4607278446431,1871.606483887472,294.39105464834455
it13,it13-057,pudu,2,580.0842716431482,1131.4722683254226,3656.1515240576095,295.9524929052919
it13,it13-057,pudu,3,433.68751038001665,602.616843464457,1072.6165615702557,297.9596369693968
it13,it13-057,pudu,4,578.2978563352694,856.0554514511385,1291.9809636645864,299.82445518338034
it13,it13-057,pudu,5,553.2747259696905,930.9463715596102,3533.219943590038,301.50687963406574
it13,it13-057,pudu,6,566.0340437616177,1029.9077817195844,3410.9795148106195,301.9894276033033
it13,it13-057,pudu,7,560.2000110106624,1231.5833458109348,3378.5984967674444,302.30464037208145
it13,it13-057,pudu,8,538.2800839437122,1259.3260953200643,3536.8298694079504,302.6878008438532
it13,it13-057,pudu,9,525.3837467907402,1362.77649326257,2505.04540690814,299.70100596671506
it13,it13-058,pata,1,771.2157914181076,1251.9445015007814,2360.392537729359,266.3775049039003
it13,it13-058,pata,2,797.1791317553347,1287.9299463958052,2396.538169453336,267.82388521665433
it13,it13-058,pata,3,843.6340383528826,1346.5875691332917,2389.835015999317,269.0407890861686
it13,it13-058,pata,4,888.145853558598,1432.1473667214873,2432.6258141064027,269.9457418086165
it13,it13-058,pata,5,914.1011802434315,1521.0217165660556,2512.9859603305536,271.26615612498057
it13,it13-058,pata,6,902.4584572601058,1583.2468385576174,2536.3482483556454,273.5416503568222
it13,it13-058,pata,7,863.2775157957731,1650.7625353922024,2340.6156049617475,277.1806357022324
it13,it13-058,pata,8,834.09264611363,1735.206967790102,2231.445893614142,279.68972278572505
it13,it13-058,pata,9,823.5877195305044,1819.0289075000617,2494.392350967794,280.2613358823784
it13,it13-059,pugu,1,480.0226836290954,781.792437808984,1946.4156398311775,272.6022499724146
it13,it13-059,pugu,2,522.0891608975749,767.5023635728526,1957.1446553526184,275.0417451818877
it13,it13-059,pugu,3,561.9667077546842,885.0252829897539,1916.995814998582,278.3844022877017
it13,it13-059,pugu,4,566.1587050137181,1214.977155203089,3449.848660336657,281.0637553178607
it13,it13-059,pugu,5,564.4720967715577,1387.0072396484888,3459.0546769193743,283.17777854150245
it13,it13-059,pugu,6,560.3674014037543,1534.544786877528,3473.709087894468,284.5708042028238
it13,it13-059,pugu,7,555.5231528630386,1617.6829971379082,3483.0963778308533,283.8560414079405
it13,it13-059,pugu,8,543.016929591332,1706.975797584617,3520.4039297178847,280.8525179523862
it13,it13-059,pugu,9,495.5090700918095,1708.8903083397204,3403.442181264215,275.37927704950323
it13,it13-060,podo,1,562.6697134242647,993.8838514741321,2516.5362609981453,274.26458325871215
it13,it13-060,podo,2,572.2140969297459,996.0656029050187,2587.6093670767787,275.0793141278825
it13,it13-060,podo,3,603.2382466419778,1007.719115625698,2601.082730587269,274.8490118114919
it13,it13-060,podo,4,642.6891601556925,1067.3704453645153,2567.993756364294,273.974218775422
it13,it13-060,podo,5,677.9375972331823,1097.0037821028106,2603.4531900773936,272.12627574040084
it13,it13-060,podo,6,720.9577995598833,1198.7041054665071,2580.628019107312,271.13715452651405
it13,it13-060,podo,7,726.0481980803565,1310.1780450121507,2565.8388482465625,271.10284897551986
it13,it13-060,podo,8,696.5441772246958,1384.7558531298855,2610.351642305333,271.0860631927531
it13,it13-060,podo,9,625.5007750086796,1489.036311511456,2693.1632043446843,269.8254434718354
it13,it13-061,paca,1,780.2925201033106,1302.903504520004,2405.685597757366,292.87233089222826
it13,it13-061,paca,2,860.7729209491619,1510.9656145172216,1967.8037673149754,293.99125682454576
it13,it13-061,paca,3,884.7937959729952,1526.158739504995,2191.438086766227,294.60718266505467
it13,it13-061,paca,4,915.471626122735,1529.7708080021828,2201.3463015179595,293.4511540050839
it13,it13-061,paca,5,985.1821360255332,1556.9339916648928,2129.2908233843123,294.21324458288706
it13,it13-061,paca,6,1044.2389547687023,1637.0404853130908,2002.7872164694884,296.44404082540933
it13,it13-061,paca,7,1026.814862487409,1569.1233114521294,1985.8434784617368,299.70133168465026
it13,it13-061,paca,8,966.4477516512638,1550.205899590747,2009.171337684243,304.08326646031605
it13,it13-061,paca,9,893.328652692049,1544.0297824925476,1926.6129958382126,308.53145356745284
it13,it13-062,pogo,1,594.0036226687256,1093.1938450880682,2455.1715967063237,291.8708206558117
it13,it13-062,pogo,2,605.9255159993355,1105.1642711917832,2487.956512813847,291.9057474953744
it13,it13-062,pogo,3,627.1644852262169,1100.295210011275,2460.2782835653966,292.41192650057087
it13,it13-062,pogo,4,670.4751022947353,1096.2616447661148,2447.483218335819,293.6634826581388
it13,it13-062,pogo,5,722.9895840195304,1087.2675757495037,2494.4260029727966,295.2094212150467
it13,it13-062,pogo,6,749.375449292823,1073.9220642757646,2516.152512990796,295.69748209357476
it13,it13-062,pogo,7,736.4890731049438,1056.2312767320457,2490.8110289254946,295.9347740363216
it13,it13-062,pogo,8,699.6945387157339,1052.9292310773812,2432.1586689813453,297.1483537308365
it13,it13-062,pogo,9,664.1205248821038,1062.8424676135273,2430.890893419608,299.933099720267
it13,it13-063,pucu,1,434.81570853856044,844.950932081986,1942.0051011653493,296.43564856319944
it13,it13-063,pucu,2,498.8571291837536,803.8970714785687,1922.3033240337234,299.0216545543048
it13,it13-063,pucu,3,565.982385115255,675.8125738831527,1927.431939184965,303.8394357172279
it13,it13-063,pucu,4,551.919477714225,619.0756287619481,1845.881346219179,308.1885115146492
it13,it13-063,pucu,5,614.0597972780178,1845.119649603821,3435.7352259087224,310.6769119375388
it13,it13-063,pucu,6,239.23617107853835,606.150935101805,2052.2286439921086,309.96102523632936
it13,it13-063,pucu,7,474.01794934295356,635.1602355263158,1942.2721434284008,302.88760078355773
it13,it13-063,pucu,8,469.1373136573613,682.8794067983335,1621.8558062814727,297.7621090756582
it13,it13-063,pucu,9,442.75816830383474,708.7391454344831,1337.3436720753225,292.5491433460603
it13,it13-064,poto,1,581.3856868209914,990.4091383409198,2463.6806987580244,276.84090807345416
it13,it13-064,poto,2,618.7983800393722,975.6626102647704,2501.4381973197605,274.0540607700842
it13,it13-064,poto,3,675.6438104294533,1007.9057649088537,2529.120449013047,273.5057101631415
it13,it13-064,poto,4,714.7546513953438,1053.185947530383,2524.403746846128,275.6790483063083
it13,it13-064,poto,5,770.9724727698882,1078.5866845483943,2601.6801360199106,278.5227152148032
it13,it13-064,poto,6,812.3554375253221,1127.8909533202773,2643.7819446658477,281.4143646191437
it13,it13-064,poto,7,826.9559008730008,1254.0325716600112,2682.330685098876,285.42006184721055
it13,it13-064,poto,8,745.2914577817828,1334.561953650755,2720.025375872357,295.2218955568361
it13,it13-064,poto,9,710.1376096710765,1478.2852551346825,2909.914243669808,302.6358685657509
it13,it13-065,putu,1,462.7902736535977,678.8330866159936,2038.3368293453561,273.6773312759217
it13,it13-065,putu,2,532.1867281099923,719.1291062342154,1884.1709914666603,276.88836029658916
it13,it13-065,putu,3,558.7479084835849,950.013489341147,2810.638780717786,281.25700622773496
it13,it13-065,putu,4,566.1483212551686,1032.0087599931276,3435.8646719426383,286.05363365416076
it13,it13-065,putu,5,557.5812116826754,896.8067174803248,3585.4350349127226,290.8848926202385
it13,it13-065,putu,6,524.9320393349152,888.8545917995058,2600.9206394990942,294.61578907472347
it13,it13-065,putu,7,539.3626989264436,916.8117319296701,3426.160616151161,296.1320564080076
it13,it13-065,putu,8,579.1880095918534,1181.9003339919461,3297.710347612513,296.9427165472343
it13,it13-065,putu,9,546.9101491838663,1268.2778250080798,3327.4864064377407,296.0170133815117
it13,it13-066,paga,1,751.6819723813463,1297.1882206404753,2385.1324058176333,278.16031433407215
it13,it13-066,paga,2,829.7966001137013,1478.7664337305853,2385.2706728781036,276.7072220978227
it13,it13-066,paga,3,847.8206999960328,1479.9077146644636,2350.186199629052,274.1123549005798
it13,it13-066,paga,4,881.0229459880035,1489.9623983878737,2337.3008800720595,271.66831850440775
it13,it13-066,paga,5,925.5986006580991,1527.038383926111,2360.4332856813458,271.03560683204415
it13,it13-066,paga,6,932.5875679062415,1562.7352159810548,2374.749081837678,271.30254086014816
it13,it13-066,paga,7,887.1413851262362,1597.6504308403612,2376.1004384313187,272.3877699494067
it13,it13-066,paga,8,825.8950131711082,1648.7222172934996,2249.5185653575904,273.2836809927679
it13,it13-066,paga,9,757.7371218446976,1703.821527072877,2360.082384428487,272.2699066543729
it13,it13-067,poco,1,580.044075971782,1034.1682113545487,2517.4732067408568,281.3554141781593
it13,it13-067,poco,2,595.1988860041079,1071.6282290410995,2568.312194719199,283.1858384283379
it13,it13-067,poco,3,621.8486097345682,1098.1504954334089,2598.1493196766673,285.3977336558871
it13,it13-067,poco,4,663.876230181672,1117.0826545085479,2586.7281877261207,287.85673051987123
it13,it13-067,poco,5,705.3639437398352,1125.9347754131597,2560.209603515896,291.07757165351757
it13,it13-067,poco,6,746.9457141266379,1110.1945452246655,2539.2110568701696,293.87127136404933
it13,it13-067,poco,7,794.7492412726388,1097.32103621859,2524.2283269354607,295.8089997557
it13,it13-067,poco,8,826.5567707023947,1066.3977766512273,2495.1264084639506,296.5814138633186
it13,it13-067,poco,9,777.1270147319985,947.4109208132321,2372.8865758833585,296.9831010856197
it13,it13-068,pada,1,743.1929451946637,1273.998663662768,2570.6664692680747,279.95996279219344
it13,it13-068,pada,2,820.8798410030774,1376.1438623556573,1873.3673818671155,279.7319725827268
it13,it13-068,pada,3,853.382775563605,1407.4834672519694,2155.0807940769023,279.01139095621375
it13,it13-068,pada,4,905.282323662167,1534.5575632722698,1967.234163424561,276.9986753721345
it13,it13-068,pada,5,946.5316700850044,1586.3115386128575,2037.3822067089295,275.4031160169191
it13,it13-068,pada,6,958.1441825255804,1572.344622398098,2253.051324981569,274.7007105908642
it13,it13-068,pada,7,937.5464018610918,1620.376121238456,2174.9758833334727,273.90551687005865
it13,it13-068,pada,8,854.7708777486931,1782.5853419040277,2019.8223231209302,273.35132351614413
it13,it13-068,pada,9,786.6442660945024,1883.5412761390971,2208.810487327271,271.4190118752975
it13,it13-069,pudu,1,507.6568820990389,724.952192709375,2263.024999784261,277.46530692058934
it13,it13-069,pudu,2,545.5983744119102,648.1993004346598,2067.4023747674796,282.1773015122862
it13,it13-069,pudu,3,508.6082601411184,607.1963435328502,2107.934193465549,287.4883020724849
it13,it13-069,pudu,4,512.6250559040317,566.7523017436945,2027.1140883274115,291.28675980006403
it13,it13-069,pudu,5,471.2857052784592,749.9444795563381,2039.7095703451655,292.84260317594567
it13,it13-069,pudu,6,475.1465642078455,859.5188924255127,2143.093203582712,293.23591535563315
it13,it13-069,pudu,7,531.4158877597109,1044.0843144143776,3101.278209519176,290.9990421223743
it13,it13-069,pudu,8,503.36404772299426,1175.0789391843778,3477.5486287995,287.5356376486727
it13,it13-069,pudu,9,505.7953447930673,1306.1086952601102,3400.579396644646,285.29207646349136
it13,it13-070,pata,1,833.4813373019921,1394.8245544350675,2393.643247957482,281.97869477582054
it13,it13-070,pata,2,863.0502898352273,1454.2754577979208,2313.6508864022107,280.0586914363251
it13,it13-070,pata,3,890.2268602580297,1542.2801092144068,2318.4055708430265,276.73203546353426
it13,it13-070,pata,4,900.7870531780525,1542.231124053104,2519.8007540131093,273.28234802395576
it13,it13-070,pata,5,929.1151122046404,1513.7218957661412,2630.7754039325678,269.4478073238646
it13,it13-070,pata,6,962.0075450438413,1552.595923285029,2596.53570927275,266.59807942989727
it13,it13-070,pata,7,977.2872430158736,1566.6215471298906,2468.341689319094,267.375423293911
it13,it13-070,pata,8,886.2747305547715,1607.5471057414156,2145.96637323912,273.4131699308653
it13,it13-070,pata,9,825.7253026893347,1504.4374334865681,1992.561138187927,278.3116818693441
it13,it13-071,pugu,1,445.3003301369404,691.9697428443933,1890.265770009391,274.1778644883224
it13,it13-071,pugu,2,546.0288589530662,610.2433251437037,1601.299774730978,276.8517857591889
it13,it13-071,pugu,3,560.5772191583338,1205.4906558729194,3386.40940236796,280.80455757694114
it13,it13-071,pugu,4,564.3483541936098,1379.831525710097,3463.570369688487,284.7729671480298
it13,it13-071,pugu,5,569.7487012885135,1987.3329170095203,3630.2894035142185,287.81086559105574
it13,it13-071,pugu,6,374.52597571098886,579.2533003753944,2222.2573201482473,289.0074603168839
it13,it13-071,pugu,7,367.1678108620455,579.3347186129687,2367.09356185459,289.21790686727024
it13,it13-071,pugu,8,329.6884796422172,576.0968937274151,2398.0976387172414,288.83307059370827
it13,it13-071,pugu,9,365.8360169471531,563.643218378483,2391.298595045749,284.93128811026907
it13,it13-072,podo,1,556.8864582793701,877.4005344249327,2342.9591416440758,248.54895817876803
it13,it13-072,podo,2,576.3542215557044,876.4307695125657,2384.199527049473,247.30812134821576
it13,it13-072,podo,3,623.4717474461088,892.5503081952558,2442.2042454140314,244.93532594209833
it13,it13-072,podo,4,674.349858112529,924.3497290147596,2555.0489701436404,245.14987892108368
it13,it13-072,podo,5,705.4450875446603,1025.951361582592,2643.091812082447,249.6223545557899
it13,it13-072,podo,6,728.3021883609729,1206.5963849013344,2821.912127039493,254.1823215298039
it13,it13-072,podo,7,738.4341512748358,1301.8940382723183,2979.5625617923342,255.7094681262138
it13,it13-072,podo,8,736.9706064059512,1437.628283413322,3089.217654162733,255.57500704513643
it13,it13-072,podo,9,669.378782780472,1530.7035500340935,3211.7354216350946,255.32450226658085
